order_id,order_date,product,category,region,quantity,unit_price,discount,revenue,payment_method,year,month,month_name,day_of_week,is_weekend,gross_sales,discount_amount,profit,profit_margin,region_code,order_size
ORD00662,2025-01-01,Headphones,Accessories,West,3,3500,0.2483806307864607,7892.0,Cash,2025,1,January,Wednesday,0,10500,2607.996623257837,1183.8,0.15,4,Low
ORD00283,2025-01-01,Headphones,Accessories,East,3,3500,0.148239157787404,8943.49,Card,2025,1,January,Wednesday,0,10500,1556.5111567677422,1341.5235,0.15,3,Low
ORD00960,2025-01-01,Tablet,Electronics,East,3,22000,0.0106144882070245,65299.44,Card,2025,1,January,Wednesday,0,66000,700.556221663617,9794.916,0.15,3,High
ORD00370,2025-01-02,Headphones,Accessories,North,7,3500,0.1235786333836544,21472.32,Cash,2025,1,January,Thursday,0,24500,3027.6765178995324,3220.848,0.15,1,Low
ORD00497,2025-01-02,Laptop,Electronics,East,4,65000,0.04713255846854,247745.53,Cash,2025,1,January,Thursday,0,260000,12254.465201820401,37161.8295,0.15,3,High
ORD00085,2025-01-03,Headphones,Accessories,East,3,3500,0.2316923478722483,8067.23,UPI,2025,1,January,Friday,0,10500,2432.769652658607,1210.0845,0.15,3,Low
ORD01044,2025-01-03,Phone,Electronics,West,1,30000,0.0636373286568205,28090.88,Net Banking,2025,1,January,Friday,0,30000,1909.1198597046148,4213.632,0.15,4,Low
ORD00919,2025-01-03,Phone,Electronics,North,4,30000,0.0270623603687142,116752.52,Card,2025,1,January,Friday,0,120000,3247.4832442457036,17512.878,0.15,1,High
ORD00803,2025-01-04,Tablet,Electronics,Unknown,3,22000,0.2382437903900258,50275.91,Card,2025,1,January,Saturday,1,66000,15724.090165741703,7541.3865000000005,0.15,0,High
ORD01116,2025-01-05,Tablet,Electronics,West,1,22000,0.0718682546371057,20418.9,UPI,2025,1,January,Sunday,1,22000,1581.1016020163252,3062.835,0.15,4,Low
ORD01080,2025-01-05,Monitor,Electronics,South,5,15000,0.1620994213008403,62842.54,Net Banking,2025,1,January,Sunday,1,75000,12157.456597563021,9426.381,0.15,2,High
ORD00278,2025-01-05,Headphones,Accessories,West,3,3500,0.248703723207402,7888.61,Net Banking,2025,1,January,Sunday,1,10500,2611.389093677721,1183.2914999999998,0.15,4,Low
ORD00638,2025-01-05,Phone,Electronics,North,3,30000,0.1079864152501204,80281.22,Cash,2025,1,January,Sunday,1,90000,9718.777372510836,12042.182999999999,0.15,1,High
ORD00342,2025-01-06,Phone,Electronics,West,2,30000,0.0601882678035673,56388.7,Net Banking,2025,1,January,Monday,0,60000,3611.296068214038,8458.304999999998,0.15,4,High
ORD00131,2025-01-06,Tablet,Electronics,North,4,22000,0.193726975845332,70952.03,Card,2025,1,January,Monday,0,88000,17047.973874389216,10642.8045,0.15,1,High
ORD00945,2025-01-07,Laptop,Electronics,West,3,65000,0.0771149056244375,179962.59,Cash,2025,1,January,Tuesday,0,195000,15037.406596765313,26994.388499999997,0.15,4,High
ORD00268,2025-01-07,Phone,Electronics,North,3,30000,0.0571614006655286,84855.47,Cash,2025,1,January,Tuesday,0,90000,5144.526059897574,12728.3205,0.15,1,High
ORD00611,2025-01-08,Monitor,Electronics,South,2,15000,0.0555919819742026,28332.24,Cash,2025,1,January,Wednesday,0,30000,1667.759459226078,4249.836,0.15,2,Low
ORD01097,2025-01-08,Monitor,Electronics,North,2,15000,0.1821204667254828,24536.39,Net Banking,2025,1,January,Wednesday,0,30000,5463.614001764484,3680.4584999999997,0.15,1,Low
ORD00821,2025-01-08,Laptop,Electronics,West,3,65000,0.1628337496850116,163247.42,Card,2025,1,January,Wednesday,0,195000,31752.581188577264,24487.113,0.15,4,High
ORD00946,2025-01-08,Laptop,Electronics,East,4,65000,0.2323105610015375,199599.25,Card,2025,1,January,Wednesday,0,260000,60400.74586039975,29939.887499999997,0.15,3,High
ORD00821,2025-01-08,Laptop,Electronics,West,12,65000,0.1628337496850116,163247.42,Card,2025,1,January,Wednesday,0,780000,127010.32475430905,24487.113,0.15,4,High
ORD00235,2025-01-08,Tablet,Electronics,West,3,22000,0.0514549482532518,62603.97,Card,2025,1,January,Wednesday,0,66000,3396.026584714619,9390.5955,0.15,4,High
ORD00974,2025-01-09,Tablet,Electronics,East,6,22000,0.0379504332697078,126990.54,Cash,2025,1,January,Thursday,0,132000,5009.45719160143,19048.581,0.15,3,High
ORD00729,2025-01-10,Tablet,Electronics,North,2,22000,0.0046094507187984,43797.18,Net Banking,2025,1,January,Friday,0,44000,202.81583162712963,6569.577,0.15,1,Low
ORD00113,2025-01-10,Tablet,Electronics,South,6,22000,0.1447443811875606,112893.74,Cash,2025,1,January,Friday,0,132000,19106.258316758,16934.061,0.15,2,High
ORD00362,2025-01-10,Monitor,Electronics,West,2,15000,0.153379121182458,25398.63,UPI,2025,1,January,Friday,0,30000,4601.37363547374,3809.7945,0.15,4,Low
ORD00605,2025-01-10,Monitor,Electronics,South,1,15000,0.1686875890950558,12469.69,Net Banking,2025,1,January,Friday,0,15000,2530.313836425837,1870.4535,0.15,2,Low
ORD00314,2025-01-10,Phone,Electronics,North,3,30000,0.1868174500480174,73186.43,Card,2025,1,January,Friday,0,90000,16813.570504321564,10977.964499999998,0.15,1,High
ORD00629,2025-01-11,Tablet,Electronics,South,5,22000,0.2304212460593926,84653.66,Cash,2025,1,January,Saturday,1,110000,25346.337066533186,12698.049,0.15,2,High
ORD00830,2025-01-11,Laptop,Electronics,South,3,65000,0.148378898110548,166066.11,Cash,2025,1,January,Saturday,1,195000,28933.88513155686,24909.916499999996,0.15,2,High
ORD00410,2025-01-12,Laptop,Electronics,West,1,65000,0.1081288983105915,57971.62,UPI,2025,1,January,Sunday,1,65000,7028.378390188447,8695.743,0.15,4,High
ORD00320,2025-01-12,Headphones,Accessories,South,4,3500,0.0494167455636598,13308.17,UPI,2025,1,January,Sunday,1,14000,691.8344378912371,1996.2255,0.15,2,Low
ORD00596,2025-01-12,Monitor,Electronics,South,2,15000,0.0737548021780988,27787.36,Card,2025,1,January,Sunday,1,30000,2212.644065342964,4168.104,0.15,2,Low
ORD00703,2025-01-13,Laptop,Electronics,East,6,65000,0.2121980282840221,307242.77,Card,2025,1,January,Monday,0,390000,82757.23103076861,46086.4155,0.15,3,High
ORD00700,2025-01-13,Laptop,Electronics,South,3,65000,0.0137337472994173,192321.92,Card,2025,1,January,Monday,0,195000,2678.0807233863734,28848.288,0.15,2,High
ORD00202,2025-01-13,Monitor,Electronics,West,2,15000,0.0157792926759677,29526.62,Net Banking,2025,1,January,Monday,0,30000,473.378780279031,4428.9929999999995,0.15,4,Low
ORD01038,2025-01-13,Laptop,Electronics,East,2,65000,0.0800402422232173,119594.77,Card,2025,1,January,Monday,0,130000,10405.23148901825,17939.2155,0.15,3,High
ORD00269,2025-01-13,Headphones,Accessories,South,6,3500,0.180476694878169,17209.99,Net Banking,2025,1,January,Monday,0,21000,3790.010592441549,2581.4985,0.15,2,Low
ORD00667,2025-01-13,Tablet,Electronics,North,1,22000,0.2332333646133763,16868.87,Cash,2025,1,January,Monday,0,22000,5131.134021494278,2530.3304999999996,0.15,1,Low
ORD00145,2025-01-14,Monitor,Electronics,North,2,15000,0.2455360740794611,22633.92,Cash,2025,1,January,Tuesday,0,30000,7366.082222383833,3395.0879999999997,0.15,1,Low
ORD00169,2025-01-14,Phone,Electronics,West,7,30000,0.0471185757530753,200105.1,UPI,2025,1,January,Tuesday,0,210000,9894.900908145813,30015.765,0.15,4,High
ORD00940,2025-01-14,Tablet,Electronics,West,3,22000,0.2110680893956111,52069.51,UPI,2025,1,January,Tuesday,0,66000,13930.493900110334,7810.4265,0.15,4,High
ORD00828,2025-01-15,Monitor,Electronics,North,7,15000,0.0944594110482059,95081.76,UPI,2025,1,January,Wednesday,0,105000,9918.23816006162,14262.264,0.15,1,High
ORD00334,2025-01-16,Monitor,Electronics,North,2,15000,0.1762570491310482,24712.29,Cash,2025,1,January,Thursday,0,30000,5287.711473931446,3706.8435,0.15,1,Low
ORD00822,2025-01-17,Headphones,Accessories,East,5,3500,0.0271667427010671,17024.58,Card,2025,1,January,Friday,0,17500,475.41799726867424,2553.6870000000004,0.15,3,Low
ORD00880,2025-01-17,Headphones,Accessories,East,1,3500,0.0077674000174599,3472.81,Net Banking,2025,1,January,Friday,0,3500,27.18590006110965,520.9214999999999,0.14999999999999997,3,Low
ORD00293,2025-01-18,Monitor,Electronics,North,1,15000,0.1620459324167835,12569.31,UPI,2025,1,January,Saturday,1,15000,2430.6889862517523,1885.3964999999998,0.15,1,Low
ORD00094,2025-01-18,Phone,Electronics,South,1,30000,0.080178886673519,27594.63,Card,2025,1,January,Saturday,1,30000,2405.3666002055697,4139.1945,0.14999999999999997,2,Low
ORD00748,2025-01-18,Phone,Electronics,North,7,30000,0.2323932288918054,161197.42,UPI,2025,1,January,Saturday,1,210000,48802.57806727913,24179.613,0.15,1,High
ORD01191,2025-01-19,Tablet,Electronics,South,4,22000,0.1480332062259167,74973.08,Net Banking,2025,1,January,Sunday,1,88000,13026.92214788067,11245.962,0.15,2,High
ORD00255,2025-01-19,Headphones,Accessories,South,5,3500,0.086975193939148,15977.93,Cash,2025,1,January,Sunday,1,17500,1522.0658939350901,2396.6895,0.15,2,Low
ORD00186,2025-01-19,Tablet,Electronics,West,2,22000,0.0100998072105407,43555.61,UPI,2025,1,January,Sunday,1,44000,444.3915172637908,6533.3414999999995,0.15,4,Low
ORD00152,2025-01-19,Phone,Electronics,West,3,30000,0.2094292145467602,71151.37,Net Banking,2025,1,January,Sunday,1,90000,18848.629309208416,10672.705499999998,0.15,4,High
ORD00419,2025-01-19,Phone,Electronics,West,1,30000,0.2485194431130946,22544.42,Card,2025,1,January,Sunday,1,30000,7455.583293392838,3381.6629999999996,0.15,4,Low
ORD00212,2025-01-20,Headphones,Accessories,East,4,3500,0.243974385091974,10584.36,UPI,2025,1,January,Monday,0,14000,3415.641391287636,1587.654,0.15,3,Low
ORD00846,2025-01-20,Laptop,Electronics,East,7,65000,0.0105865284996762,450183.13,Card,2025,1,January,Monday,0,455000,4816.870467352671,67527.46949999999,0.15,3,High
ORD00675,2025-01-21,Headphones,Accessories,East,3,3500,0.2265267026912954,8121.47,Card,2025,1,January,Tuesday,0,10500,2378.5303782586016,1218.2205,0.15,3,Low
ORD00853,2025-01-21,Monitor,Electronics,East,3,15000,0.113126982881096,39909.29,Card,2025,1,January,Tuesday,0,45000,5090.71422964932,5986.3935,0.15,3,Low
ORD00055,2025-01-21,Tablet,Electronics,West,5,22000,0.0304922410524057,106645.85,UPI,2025,1,January,Tuesday,0,110000,3354.146515764627,15996.8775,0.15,4,High
ORD00737,2025-01-21,Headphones,Accessories,South,3,3500,0.1187556110010901,9253.07,UPI,2025,1,January,Tuesday,0,10500,1246.933915511446,1387.9605,0.15,2,Low
ORD00217,2025-01-21,Laptop,Electronics,South,5,65000,0.1364189235202619,280663.85,Net Banking,2025,1,January,Tuesday,0,325000,44336.15014408511,42099.57749999999,0.15,2,High
ORD00457,2025-01-22,Laptop,Electronics,South,6,65000,0.0561723686364684,368092.78,Net Banking,2025,1,January,Wednesday,0,390000,21907.223768222677,55213.917,0.15,2,High
ORD00093,2025-01-22,Monitor,Electronics,North,4,15000,0.1385997558449409,51684.01,Card,2025,1,January,Wednesday,0,60000,8315.985350696454,7752.6015,0.15,1,High
ORD01016,2025-01-22,Monitor,Electronics,West,3,15000,0.0219398456928876,44012.71,Cash,2025,1,January,Wednesday,0,45000,987.293056179942,6601.9065,0.15,4,Low
ORD00073,2025-01-22,Tablet,Electronics,East,7,22000,0.0993812561387482,138695.29,Cash,2025,1,January,Wednesday,0,154000,15304.713445367222,20804.2935,0.15,3,High
ORD00061,2025-01-22,Monitor,Electronics,South,2,15000,0.0110437757360403,29668.69,UPI,2025,1,January,Wednesday,0,30000,331.313272081209,4450.3035,0.15,2,Low
ORD01050,2025-01-22,Laptop,Electronics,East,3,65000,0.086345848292373,178162.56,Net Banking,2025,1,January,Wednesday,0,195000,16837.440417012735,26724.384,0.15,3,High
ORD00585,2025-01-23,Tablet,Electronics,East,6,22000,0.0615880604458067,123870.38,Card,2025,1,January,Thursday,0,132000,8129.623978846484,18580.557,0.15,3,High
ORD00806,2025-01-23,Headphones,Accessories,East,1,3500,0.2212732470567001,2725.54,Net Banking,2025,1,January,Thursday,0,3500,774.4563646984503,408.83099999999996,0.15,3,Low
ORD01174,2025-01-23,Laptop,Electronics,South,3,65000,0.0627132229137805,182770.92,UPI,2025,1,January,Thursday,0,195000,12229.078468187197,27415.638000000003,0.15,2,High
ORD00896,2025-01-24,Headphones,Accessories,West,6,3500,0.0856625740084101,19201.09,Card,2025,1,January,Friday,0,21000,1798.9140541766121,2880.1635,0.15,4,Low
ORD00559,2025-01-25,Headphones,Accessories,West,4,3500,0.2257231719075708,10839.88,Net Banking,2025,1,January,Saturday,1,14000,3160.124406705991,1625.9819999999997,0.15,4,Low
ORD00509,2025-01-25,Phone,Electronics,East,2,30000,0.218884761131809,46866.91,Card,2025,1,January,Saturday,1,60000,13133.08566790854,7030.0365,0.15,3,Low
ORD00501,2025-01-25,Laptop,Electronics,North,2,65000,0.2294649991564335,100169.55,Cash,2025,1,January,Saturday,1,130000,29830.449890336356,15025.432499999999,0.15,1,High
ORD00038,2025-01-25,Monitor,Electronics,South,1,15000,0.1056835085680155,13414.75,Card,2025,1,January,Saturday,1,15000,1585.2526285202325,2012.2124999999999,0.15,2,Low
ORD01170,2025-01-25,Monitor,Electronics,West,2,15000,0.1303608025394985,26089.18,Net Banking,2025,1,January,Saturday,1,30000,3910.824076184955,3913.377,0.15,4,Low
ORD00054,2025-01-26,Tablet,Electronics,South,6,22000,0.154892314077578,111554.21,Net Banking,2025,1,January,Sunday,1,132000,20445.785458240298,16733.1315,0.15,2,High
ORD00536,2025-01-26,Laptop,Electronics,West,6,65000,0.1865169947398412,317258.37,Unknown,2025,1,January,Sunday,1,390000,72741.62794853807,47588.7555,0.15,4,High
ORD00730,2025-01-27,Headphones,Accessories,South,7,3500,0.1097946283014836,21810.03,Card,2025,1,January,Monday,0,24500,2689.968393386348,3271.5044999999996,0.15,2,Low
ORD00623,2025-01-27,Laptop,Electronics,West,3,65000,0.1321643845270727,169227.95,UPI,2025,1,January,Monday,0,195000,25772.054982779173,25384.1925,0.15,4,High
ORD00897,2025-01-28,Tablet,Electronics,South,7,22000,0.00974484438433,152499.29,Card,2025,1,January,Tuesday,0,154000,1500.70603518682,22874.893500000002,0.15,2,High
ORD00784,2025-01-28,Laptop,Electronics,East,6,65000,0.0604248994952827,366434.29,Card,2025,1,January,Tuesday,0,390000,23565.710803160255,54965.1435,0.15,3,High
ORD00366,2025-01-29,Tablet,Electronics,South,4,22000,0.1152328477682775,77859.51,Net Banking,2025,1,January,Wednesday,0,88000,10140.49060360842,11678.9265,0.15,2,High
ORD00791,2025-01-30,Laptop,Electronics,West,4,65000,0.0221005726751686,254253.85,UPI,2025,1,January,Thursday,0,260000,5746.148895543836,38138.0775,0.15,4,High
ORD00708,2025-01-30,Tablet,Electronics,South,2,22000,0.0179492855900114,43210.23,Cash,2025,1,January,Thursday,0,44000,789.7685659605016,6481.534500000001,0.15,2,Low
ORD00339,2025-01-30,Phone,Electronics,West,5,30000,0.2037682740546885,119434.76,Card,2025,1,January,Thursday,0,150000,30565.241108203274,17915.214,0.15,4,High
ORD00462,2025-01-31,Laptop,Electronics,South,5,65000,0.1598125850890425,273060.91,Card,2025,1,January,Friday,0,325000,51939.090153938814,40959.13649999999,0.15,2,High
ORD00567,2025-02-01,Phone,Electronics,North,4,30000,0.2474557673012183,90305.31,Net Banking,2025,2,February,Saturday,1,120000,29694.692076146195,13545.796499999999,0.15,1,High
ORD00429,2025-02-01,Laptop,Electronics,East,3,65000,0.0488739568491468,185469.58,Cash,2025,2,February,Saturday,1,195000,9530.421585583626,27820.436999999998,0.15,3,High
ORD01076,2025-02-01,Laptop,Electronics,East,3,65000,0.0091075489207208,193224.03,Net Banking,2025,2,February,Saturday,1,195000,1775.972039540556,28983.604499999998,0.15,3,High
ORD00379,2025-02-01,Phone,Electronics,East,1,30000,0.2487060534052169,22538.82,Cash,2025,2,February,Saturday,1,30000,7461.181602156507,3380.823,0.15,3,Low
ORD00126,2025-02-02,Tablet,Electronics,North,2,22000,0.2196909049456349,34333.6,Net Banking,2025,2,February,Sunday,1,44000,9666.399817607935,5150.04,0.15,1,Low
ORD00992,2025-02-02,Tablet,Electronics,West,3,22000,0.1409656008678285,56696.27,Card,2025,2,February,Sunday,1,66000,9303.72965727668,8504.440499999999,0.15,4,High
ORD00394,2025-02-02,Tablet,Electronics,East,1,22000,0.1007199021269074,19784.16,Cash,2025,2,February,Sunday,1,22000,2215.837846791963,2967.624,0.15,3,Low
ORD00735,2025-02-02,Phone,Electronics,South,2,30000,0.1779264552298469,49324.41,Cash,2025,2,February,Sunday,1,60000,10675.587313790815,7398.6615,0.15,2,Low
ORD00765,2025-02-03,Phone,Electronics,South,6,30000,0.1849425066415375,146710.35,UPI,2025,2,February,Monday,0,180000,33289.65119547675,22006.5525,0.15,2,High
ORD00682,2025-02-03,Laptop,Electronics,South,2,65000,0.1591675699790765,109308.22,UPI,2025,2,February,Monday,0,130000,20691.784097279946,16396.233,0.15,2,High
ORD00679,2025-02-04,Tablet,Electronics,West,6,22000,0.1368207103012186,113939.67,Net Banking,2025,2,February,Tuesday,0,132000,18060.333759760855,17090.9505,0.15,4,High
ORD01103,2025-02-04,Monitor,Electronics,East,4,15000,0.1179100476560946,52925.4,Card,2025,2,February,Tuesday,0,60000,7074.602859365676,7938.8099999999995,0.15,3,High
ORD00964,2025-02-04,Phone,Electronics,East,7,30000,0.1062756579980766,187682.11,Card,2025,2,February,Tuesday,0,210000,22317.888179596088,28152.316499999997,0.15,3,High
ORD00043,2025-02-05,Headphones,Accessories,South,7,3500,0.0901896716295634,22290.35,UPI,2025,2,February,Wednesday,0,24500,2209.6469549243034,3343.5525,0.15,2,Low
ORD00228,2025-02-05,Tablet,Electronics,East,7,22000,0.0193590213151095,151018.71,Net Banking,2025,2,February,Wednesday,0,154000,2981.289282526863,22652.8065,0.15,3,High
ORD01200,2025-02-05,Headphones,Accessories,South,6,3500,0.138813904975014,18084.91,UPI,2025,2,February,Wednesday,0,21000,2915.092004475294,2712.7365,0.15,2,Low
ORD00048,2025-02-05,Monitor,Electronics,East,4,15000,0.0513475744181016,56919.15,Net Banking,2025,2,February,Wednesday,0,60000,3080.8544650860963,8537.8725,0.15,3,High
ORD00336,2025-02-06,Monitor,Electronics,North,1,15000,0.1202807754407874,13195.79,Card,2025,2,February,Thursday,0,15000,1804.211631611811,1979.3685,0.15,1,Low
ORD01126,2025-02-06,Monitor,Electronics,West,6,15000,0.2465074357691559,67814.33,Net Banking,2025,2,February,Thursday,0,90000,22185.66921922403,10172.1495,0.15,4,High
ORD00726,2025-02-06,Laptop,Electronics,East,1,65000,0.011490812335035,64253.1,Cash,2025,2,February,Thursday,0,65000,746.9028017772749,9637.965,0.15,3,High
ORD01166,2025-02-06,Laptop,Electronics,South,1,65000,0.1713036548415332,53865.26,Cash,2025,2,February,Thursday,0,65000,11134.737564699659,8079.789,0.15,2,High
ORD00116,2025-02-06,Tablet,Electronics,North,3,22000,0.1701047014174805,54773.09,Card,2025,2,February,Thursday,0,66000,11226.910293553712,8215.9635,0.15,1,High
ORD00757,2025-02-07,Headphones,Accessories,East,4,3500,0.1375808764244098,12073.87,Cash,2025,2,February,Friday,0,14000,1926.1322699417371,1811.0805,0.15,3,Low
ORD00411,2025-02-07,Laptop,Electronics,West,6,65000,0.0632586874824208,365329.11,UPI,2025,2,February,Friday,0,390000,24670.888118144114,54799.3665,0.15,4,High
ORD00764,2025-02-07,Monitor,Electronics,West,6,15000,0.0383949447715286,86544.45,Card,2025,2,February,Friday,0,90000,3455.5450294375737,12981.6675,0.15,4,High
ORD00117,2025-02-08,Laptop,Electronics,West,5,65000,0.1406670034579832,279283.22,Cash,2025,2,February,Saturday,1,325000,45716.77612384454,41892.48299999999,0.15,4,High
ORD00928,2025-02-08,Phone,Electronics,South,5,30000,0.081980970882676,137702.85,Cash,2025,2,February,Saturday,1,150000,12297.1456324014,20655.4275,0.15,2,High
ORD00518,2025-02-08,Laptop,Electronics,East,3,65000,0.1515907100538837,165439.81,Cash,2025,2,February,Saturday,1,195000,29560.18846050732,24815.9715,0.15,3,High
ORD00166,2025-02-08,Monitor,Electronics,East,1,15000,0.130562723495593,13041.56,Card,2025,2,February,Saturday,1,15000,1958.440852433895,1956.234,0.15,3,Low
ORD00053,2025-02-08,Phone,Electronics,South,1,30000,0.0288316095277469,29135.05,Net Banking,2025,2,February,Saturday,1,30000,864.948285832407,4370.2575,0.15,2,Low
ORD00978,2025-02-09,Tablet,Electronics,North,4,22000,0.2059780902626991,69873.93,UPI,2025,2,February,Sunday,1,88000,18126.07194311752,10481.089499999998,0.15,1,High
ORD00032,2025-02-09,Phone,Electronics,East,6,30000,0.1464428312886806,153640.29,Cash,2025,2,February,Sunday,1,180000,26359.70963196251,23046.0435,0.15,3,High
ORD00707,2025-02-09,Laptop,Electronics,North,3,65000,0.1107128803079756,173410.99,Net Banking,2025,2,February,Sunday,1,195000,21589.011660055243,26011.6485,0.15,1,High
ORD00839,2025-02-09,Laptop,Electronics,North,7,65000,0.1503431907028369,386593.85,Card,2025,2,February,Sunday,1,455000,68406.15176979078,57989.07749999999,0.15,1,High
ORD00305,2025-02-09,Tablet,Electronics,South,5,22000,0.2030307402967648,87666.62,Net Banking,2025,2,February,Sunday,1,110000,22333.381432644128,13149.992999999999,0.15,2,High
ORD00178,2025-02-10,Laptop,Electronics,East,6,65000,0.2178522716853035,305037.61,Cash,2025,2,February,Monday,0,390000,84962.38595726836,45755.6415,0.15,3,High
ORD01129,2025-02-11,Tablet,Electronics,South,1,22000,0.1434101671989272,18844.98,UPI,2025,2,February,Tuesday,0,22000,3155.0236783763985,2826.747,0.15,2,Low
ORD00325,2025-02-12,Monitor,Electronics,West,5,15000,0.1770393884606587,61722.05,Card,2025,2,February,Wednesday,0,75000,13277.954134549402,9258.3075,0.15,4,High
ORD00762,2025-02-12,Tablet,Electronics,South,7,22000,0.1043134024646715,137935.74,UPI,2025,2,February,Wednesday,0,154000,16064.26397955941,20690.360999999997,0.15,2,High
ORD00810,2025-02-13,Monitor,Electronics,Unknown,5,15000,0.1718834837774679,62108.74,Cash,2025,2,February,Thursday,0,75000,12891.261283310092,9316.311,0.15,0,High
ORD01029,2025-02-13,Tablet,Electronics,South,3,22000,0.0096878328821073,65360.6,Card,2025,2,February,Thursday,0,66000,639.3969702190818,9804.09,0.15,2,High
ORD00953,2025-02-13,Headphones,Accessories,West,6,3500,0.1925467373610457,16956.52,Card,2025,2,February,Thursday,0,21000,4043.4814845819596,2543.478,0.15,4,Low
ORD00226,2025-02-13,Phone,Electronics,Unknown,6,30000,0.0978767104211078,162382.19,Net Banking,2025,2,February,Thursday,0,180000,17617.807875799404,24357.3285,0.15,0,High
ORD00950,2025-02-13,Phone,Electronics,East,6,30000,0.0233177263310818,175802.81,UPI,2025,2,February,Thursday,0,180000,4197.190739594725,26370.4215,0.15,3,High
ORD00553,2025-02-14,Monitor,Electronics,North,5,15000,0.2220146737537174,58348.9,UPI,2025,2,February,Friday,0,75000,16651.100531528806,8752.335,0.15,1,High
ORD00358,2025-02-14,Monitor,Electronics,North,6,15000,0.1244829631972219,78796.53,Net Banking,2025,2,February,Friday,0,90000,11203.466687749971,11819.4795,0.15,1,High
ORD01047,2025-02-14,Phone,Electronics,East,5,30000,0.0654740936411838,140178.89,Card,2025,2,February,Friday,0,150000,9821.11404617757,21026.8335,0.15,3,High
ORD01093,2025-02-15,Monitor,Electronics,South,2,15000,0.1526305010534561,25421.08,UPI,2025,2,February,Saturday,1,30000,4578.915031603683,3813.1620000000003,0.15,2,Low
ORD00961,2025-02-15,Laptop,Electronics,South,6,65000,0.1120540218927915,346298.93,UPI,2025,2,February,Saturday,1,390000,43701.06853818869,51944.839499999995,0.15,2,High
ORD00042,2025-02-15,Headphones,Accessories,South,6,3500,0.0800993008993269,19317.91,Cash,2025,2,February,Saturday,1,21000,1682.085318885865,2897.6865,0.15,2,Low
ORD00388,2025-02-15,Monitor,Electronics,East,1,15000,0.1392504454703625,12911.24,UPI,2025,2,February,Saturday,1,15000,2088.7566820554375,1936.686,0.15,3,Low
ORD00932,2025-02-15,Headphones,Accessories,West,7,3500,0.1891623568541538,19865.52,Net Banking,2025,2,February,Saturday,1,24500,4634.477742926768,2979.828,0.15,4,Low
ORD01001,2025-02-15,Monitor,Electronics,West,3,15000,0.0296693417697112,43664.88,Card,2025,2,February,Saturday,1,45000,1335.120379637004,6549.731999999999,0.15,4,Low
ORD01146,2025-02-16,Tablet,Electronics,South,2,22000,0.0165995697608186,43269.62,Net Banking,2025,2,February,Sunday,1,44000,730.3810694760184,6490.443,0.15,2,Low
ORD00980,2025-02-16,Tablet,Electronics,South,4,22000,0.2424428947077525,66665.03,UPI,2025,2,February,Sunday,1,88000,21334.97473428222,9999.7545,0.15,2,High
ORD01085,2025-02-17,Phone,Electronics,East,5,30000,0.0510898863029097,142336.52,Net Banking,2025,2,February,Monday,0,150000,7663.482945436454,21350.478,0.15,3,High
ORD00861,2025-02-17,Monitor,Electronics,East,7,15000,0.2363541431099871,80182.81,Card,2025,2,February,Monday,0,105000,24817.185026548646,12027.421499999999,0.15,3,High
ORD01195,2025-02-18,Tablet,Electronics,East,4,22000,0.1487973380313564,74905.83,Unknown,2025,2,February,Tuesday,0,88000,13094.165746759363,11235.8745,0.15,3,High
ORD00431,2025-02-19,Laptop,Electronics,West,5,65000,0.1198542687014727,286047.36,Card,2025,2,February,Wednesday,0,325000,38952.63732797863,42907.104,0.15,4,High
ORD00760,2025-02-19,Headphones,Accessories,West,2,3500,0.1534570639522529,5925.8,Cash,2025,2,February,Wednesday,0,7000,1074.1994476657703,888.87,0.15,4,Low
ORD00656,2025-02-19,Tablet,Electronics,West,6,22000,0.2497071527387012,99038.66,Net Banking,2025,2,February,Wednesday,0,132000,32961.34416150856,14855.798999999999,0.15,4,High
ORD00628,2025-02-20,Phone,Electronics,East,7,30000,0.1203978973015108,184716.44,Card,2025,2,February,Thursday,0,210000,25283.55843331727,27707.466,0.15,3,High
ORD00289,2025-02-20,Tablet,Electronics,South,1,22000,0.2241888428976746,17067.85,UPI,2025,2,February,Thursday,0,22000,4932.154543748841,2560.1775,0.15,2,Low
ORD00359,2025-02-20,Laptop,Electronics,North,7,65000,0.1607496058352081,381858.93,UPI,2025,2,February,Thursday,0,455000,73141.07065501968,57278.839499999995,0.15,1,High
ORD00037,2025-02-20,Monitor,Electronics,East,1,15000,0.0517462899102099,14223.81,Net Banking,2025,2,February,Thursday,0,15000,776.1943486531485,2133.5715,0.15,3,Low
ORD01185,2025-02-21,Tablet,Electronics,North,2,22000,0.0118125847141212,43480.25,Net Banking,2025,2,February,Friday,0,44000,519.7537274213329,6522.037499999999,0.15,1,Low
ORD00275,2025-02-22,Tablet,Electronics,East,7,22000,0.11944941878910015,133997.34,Card,2025,2,February,Saturday,1,154000,18395.210493521423,20099.601,0.15,3,High
ORD00154,2025-02-22,Phone,Electronics,South,7,30000,0.075949154602486,194050.68,Card,2025,2,February,Saturday,1,210000,15949.322466522059,29107.602,0.15,2,High
ORD00955,2025-02-22,Headphones,Accessories,South,5,3500,0.1506025632728619,14864.46,Card,2025,2,February,Saturday,1,17500,2635.5448572750834,2229.669,0.15,2,Low
ORD00412,2025-02-22,Phone,Electronics,South,2,30000,0.1939477716092726,48363.13,UPI,2025,2,February,Saturday,1,60000,11636.866296556356,7254.469499999999,0.15,2,Low
ORD01121,2025-02-23,Laptop,Electronics,East,1,65000,0.0081481108117536,64470.37,Cash,2025,2,February,Sunday,1,65000,529.627202763984,9670.5555,0.15,3,High
ORD00234,2025-02-23,Headphones,Accessories,North,4,3500,0.0393808353293698,13448.67,Cash,2025,2,February,Sunday,1,14000,551.3316946111772,2017.3004999999998,0.15,1,Low
ORD00982,2025-02-23,Headphones,Accessories,East,2,3500,0.241898256499368,5306.71,UPI,2025,2,February,Sunday,1,7000,1693.287795495576,796.0065,0.15,3,Low
ORD01106,2025-02-24,Laptop,Electronics,South,1,65000,0.0811609167775834,59724.54,Card,2025,2,February,Monday,0,65000,5275.459590542921,8958.681,0.15,2,High
ORD01006,2025-02-24,Monitor,Electronics,North,6,15000,0.1469087436632607,76778.21,Cash,2025,2,February,Monday,0,90000,13221.786929693464,11516.7315,0.15,1,High
ORD00451,2025-02-24,Monitor,Electronics,West,2,15000,0.0665077181554163,28004.77,Card,2025,2,February,Monday,0,30000,1995.231544662489,4200.7155,0.15,4,Low
ORD01024,2025-02-24,Monitor,Electronics,East,3,15000,0.0475113039898991,42861.99,Net Banking,2025,2,February,Monday,0,45000,2138.0086795454595,6429.2985,0.15,3,Low
ORD00252,2025-02-25,Tablet,Electronics,North,1,22000,0.1544472271263958,18602.16,Net Banking,2025,2,February,Tuesday,0,22000,3397.8389967807075,2790.324,0.15,1,Low
ORD00049,2025-02-25,Headphones,Accessories,North,3,3500,0.2220913632657101,8168.04,Card,2025,2,February,Tuesday,0,10500,2331.959314289956,1225.206,0.15,1,Low
ORD01027,2025-02-25,Laptop,Electronics,North,7,65000,0.1763181023694129,374775.26,Cash,2025,2,February,Tuesday,0,455000,80224.73657808287,56216.289,0.15,1,High
ORD00747,2025-02-26,Tablet,Electronics,North,2,22000,0.0503370797631788,41785.17,Cash,2025,2,February,Wednesday,0,44000,2214.831509579867,6267.7755,0.15,1,Low
ORD00566,2025-02-26,Phone,Electronics,South,7,30000,0.0178261335462113,206256.51,Cash,2025,2,February,Wednesday,0,210000,3743.488044704373,30938.4765,0.15,2,High
ORD01032,2025-02-26,Laptop,Electronics,West,1,65000,0.1638648481800003,54348.78,Card,2025,2,February,Wednesday,0,65000,10651.215131700019,8152.316999999999,0.15,4,High
ORD01102,2025-02-26,Tablet,Electronics,West,2,22000,0.1891257619318276,35678.47,UPI,2025,2,February,Wednesday,0,44000,8321.533525000414,5351.7705,0.15,4,Low
ORD01081,2025-02-26,Monitor,Electronics,South,6,15000,0.1050556197581095,80544.99,Cash,2025,2,February,Wednesday,0,90000,9455.005778229855,12081.7485,0.15,2,High
ORD01114,2025-02-27,Phone,Electronics,South,1,30000,0.0451765489417023,28644.7,Net Banking,2025,2,February,Thursday,0,30000,1355.2964682510692,4296.705,0.15,2,Low
ORD01137,2025-02-27,Headphones,Accessories,East,4,3500,0.2170591100707249,10961.17,Card,2025,2,February,Thursday,0,14000,3038.8275409901485,1644.1755,0.15,3,Low
ORD00351,2025-02-27,Tablet,Electronics,South,2,22000,0.0327225827126237,42560.21,Card,2025,2,February,Thursday,0,44000,1439.793639355443,6384.0315,0.15,2,Low
ORD01046,2025-02-28,Laptop,Electronics,North,6,65000,0.0492398856550065,370796.44,Net Banking,2025,2,February,Friday,0,390000,19203.555405452535,55619.466,0.15,1,High
ORD00084,2025-02-28,Monitor,Electronics,West,6,15000,0.11944941878910015,75754.14,UPI,2025,2,February,Friday,0,90000,10750.447691019013,11363.121,0.15,4,High
ORD00157,2025-02-28,Laptop,Electronics,North,3,65000,0.1301143609418069,169627.7,Card,2025,2,February,Friday,0,195000,25372.300383652346,25444.155000000002,0.15,1,High
ORD01178,2025-02-28,Laptop,Electronics,West,1,65000,0.1505298479583568,55215.56,UPI,2025,2,February,Friday,0,65000,9784.440117293192,8282.333999999999,0.15,4,High
ORD00657,2025-02-28,Headphones,Accessories,West,3,3500,0.0559864163984895,9912.14,UPI,2025,2,February,Friday,0,10500,587.8573721841398,1486.821,0.15,4,Low
ORD00962,2025-03-01,Tablet,Electronics,South,2,22000,0.0663033640281414,41082.65,Card,2025,3,March,Saturday,1,44000,2917.3480172382215,6162.3975,0.15,2,Low
ORD00242,2025-03-01,Tablet,Electronics,North,4,22000,0.01227941093751,86919.41,Unknown,2025,3,March,Saturday,1,88000,1080.58816250088,13037.9115,0.15,1,High
ORD00742,2025-03-01,Headphones,Accessories,West,2,3500,0.1137236004331597,6203.93,Net Banking,2025,3,March,Saturday,1,7000,796.0652030321179,930.5895,0.15,4,Low
ORD00376,2025-03-02,Laptop,Electronics,West,3,65000,0.0562944165263863,184022.59,UPI,2025,3,March,Sunday,1,195000,10977.411222645329,27603.388499999997,0.15,4,High
ORD00592,2025-03-02,Monitor,Electronics,West,7,15000,0.0769163665947575,96923.78,Cash,2025,3,March,Sunday,1,105000,8076.218492449537,14538.567,0.15,4,High
ORD00581,2025-03-02,Laptop,Electronics,South,1,65000,0.0424285262746401,62242.15,Cash,2025,3,March,Sunday,1,65000,2757.8542078516066,9336.3225,0.15,2,High
ORD00820,2025-03-02,Monitor,Electronics,North,4,15000,0.0934295007205878,54394.23,Cash,2025,3,March,Sunday,1,60000,5605.770043235268,8159.1345,0.15,1,High
ORD01051,2025-03-03,Tablet,Electronics,West,4,22000,0.1334764081805932,76254.08,Cash,2025,3,March,Monday,0,88000,11745.923919892202,11438.112,0.15,4,High
ORD01088,2025-03-03,Monitor,Electronics,North,6,15000,0.1910525873950292,72805.27,Card,2025,3,March,Monday,0,90000,17194.73286555263,10920.790500000001,0.15,1,High
ORD00650,2025-03-03,Monitor,Electronics,East,2,15000,0.1899107630765986,24302.68,UPI,2025,3,March,Monday,0,30000,5697.322892297958,3645.402,0.15,3,Low
ORD00577,2025-03-04,Monitor,Electronics,North,3,15000,0.1781874234403249,36981.57,Net Banking,2025,3,March,Tuesday,0,45000,8018.43405481462,5547.2355,0.15,1,Low
ORD00618,2025-03-04,Phone,Electronics,East,2,30000,0.1181389958342142,52911.66,Cash,2025,3,March,Tuesday,0,60000,7088.339750052852,7936.749,0.15,3,High
ORD00499,2025-03-04,Monitor,Electronics,South,3,15000,0.2401565714072081,34192.95,UPI,2025,3,March,Tuesday,0,45000,10807.045713324365,5128.942499999999,0.15,2,Low
ORD00273,2025-03-05,Laptop,Electronics,East,4,65000,0.0268280907081301,253024.7,UPI,2025,3,March,Wednesday,0,260000,6975.303584113825,37953.705,0.15,3,High
ORD01161,2025-03-05,Tablet,Electronics,North,5,22000,0.2076759846864828,87155.64,UPI,2025,3,March,Wednesday,0,110000,22844.35831551311,13073.346,0.15,1,High
ORD00686,2025-03-05,Monitor,Electronics,North,2,15000,0.0826692492365881,27519.92,UPI,2025,3,March,Wednesday,0,30000,2480.0774770976427,4127.987999999999,0.15,1,Low
ORD00296,2025-03-05,Tablet,Electronics,East,4,22000,0.1594841860616612,73965.39,Net Banking,2025,3,March,Wednesday,0,88000,14034.608373426187,11094.8085,0.15,3,High
ORD00693,2025-03-06,Monitor,Electronics,West,7,15000,0.1384952814542148,90458.0,Card,2025,3,March,Thursday,0,105000,14542.004552692555,13568.699999999999,0.15,4,High
ORD00503,2025-03-06,Monitor,Electronics,East,5,15000,0.0880126685598095,68399.05,Cash,2025,3,March,Thursday,0,75000,6600.950141985713,10259.8575,0.15,3,High
ORD00591,2025-03-07,Monitor,Electronics,North,5,15000,0.1912561012945107,60655.79,Net Banking,2025,3,March,Friday,0,75000,14344.207597088303,9098.3685,0.15,1,High
ORD00529,2025-03-08,Monitor,Electronics,West,4,15000,0.007723209259008,59536.61,UPI,2025,3,March,Saturday,1,60000,463.39255554048,8930.4915,0.15,4,High
ORD01140,2025-03-08,Tablet,Electronics,South,1,22000,0.0172849862518153,21619.73,Card,2025,3,March,Saturday,1,22000,380.2696975399366,3242.9595,0.15,2,Low
ORD00674,2025-03-08,Laptop,Electronics,East,7,65000,0.2462616741802177,342950.94,Card,2025,3,March,Saturday,1,455000,112049.06175199905,51442.640999999996,0.15,3,High
ORD00129,2025-03-08,Tablet,Electronics,South,5,22000,0.0675854470498318,102565.6,Card,2025,3,March,Saturday,1,110000,7434.399175481498,15384.84,0.15,2,High
ORD00471,2025-03-09,Headphones,Accessories,North,6,3500,0.0764500571846418,19394.55,UPI,2025,3,March,Sunday,1,21000,1605.451200877478,2909.1825,0.15,1,Low
ORD00818,2025-03-09,Laptop,Electronics,East,6,65000,0.0080108973445442,386875.75,UPI,2025,3,March,Sunday,1,390000,3124.249964372238,58031.362499999996,0.15,3,High
ORD00183,2025-03-10,Tablet,Electronics,North,3,22000,0.1336501878223188,57179.09,UPI,2025,3,March,Monday,0,66000,8820.912396273041,8576.8635,0.15,1,High
ORD00696,2025-03-10,Phone,Electronics,East,6,30000,0.0442503527803352,172034.94,UPI,2025,3,March,Monday,0,180000,7965.0635004603355,25805.240999999998,0.15,3,High
ORD01105,2025-03-10,Phone,Electronics,South,7,30000,0.1090341056622763,187102.84,Card,2025,3,March,Monday,0,210000,22897.162189078022,28065.426,0.15,2,High
ORD00075,2025-03-11,Headphones,Accessories,West,6,3500,0.0320131526369467,20327.72,UPI,2025,3,March,Tuesday,0,21000,672.2762053758807,3049.158,0.15,4,Low
ORD00105,2025-03-11,Headphones,Accessories,West,5,3500,0.2066974704809361,13882.79,Net Banking,2025,3,March,Tuesday,0,17500,3617.2057334163815,2082.4185,0.15,4,Low
ORD00071,2025-03-11,Headphones,Accessories,North,3,3500,0.2427211821364344,7951.43,Card,2025,3,March,Tuesday,0,10500,2548.572412432561,1192.7145,0.15,1,Low
ORD00881,2025-03-11,Laptop,Electronics,South,6,65000,0.0979594274775131,351795.82,Net Banking,2025,3,March,Tuesday,0,390000,38204.17671623011,52769.373,0.15,2,High
ORD01153,2025-03-12,Tablet,Electronics,North,6,22000,0.0586758722629739,124254.78,Card,2025,3,March,Wednesday,0,132000,7745.215138712554,18638.217,0.15,1,High
ORD00185,2025-03-12,Tablet,Electronics,North,3,22000,0.2396768814929835,50181.33,Cash,2025,3,March,Wednesday,0,66000,15818.67417853691,7527.1995,0.15,1,High
ORD00156,2025-03-12,Headphones,Accessories,East,4,3500,0.0059925888819888,13916.1,Cash,2025,3,March,Wednesday,0,14000,83.8962443478432,2087.415,0.15,3,Low
ORD01169,2025-03-12,Monitor,Electronics,South,2,15000,0.0916452658747626,27250.64,Card,2025,3,March,Wednesday,0,30000,2749.357976242878,4087.5959999999995,0.15,2,Low
ORD00981,2025-03-12,Tablet,Electronics,South,5,22000,0.1961805052128378,88420.14,Card,2025,3,March,Wednesday,0,110000,21579.85557341216,13263.020999999999,0.15,2,High
ORD00963,2025-03-13,Monitor,Electronics,South,3,15000,0.0981837530254382,40581.73,Card,2025,3,March,Thursday,0,45000,4418.2688861447195,6087.2595,0.15,2,Low
ORD01111,2025-03-13,Headphones,Accessories,North,2,3500,0.2487523543309525,5258.73,UPI,2025,3,March,Thursday,0,7000,1741.2664803166674,788.8095,0.15,1,Low
ORD00368,2025-03-13,Phone,Electronics,North,5,30000,0.0039513888600334,149407.29,UPI,2025,3,March,Thursday,0,150000,592.70832900501,22411.0935,0.15,1,High
ORD00027,2025-03-13,Tablet,Electronics,South,1,22000,0.117488985071835,19415.24,UPI,2025,3,March,Thursday,0,22000,2584.75767158037,2912.286,0.15,2,Low
ORD00917,2025-03-14,Tablet,Electronics,North,7,22000,0.0661435694553154,143813.89,UPI,2025,3,March,Friday,0,154000,10186.10969611857,21572.0835,0.15,1,High
ORD01143,2025-03-14,Monitor,Electronics,West,4,15000,0.1819702229996304,49081.79,UPI,2025,3,March,Friday,0,60000,10918.213379977824,7362.2685,0.15,4,Low
ORD00434,2025-03-14,Laptop,Electronics,South,7,65000,0.1726004886288753,376466.78,Card,2025,3,March,Friday,0,455000,78533.22232613826,56470.017,0.15,2,High
ORD00044,2025-03-14,Phone,Electronics,East,4,30000,0.0138176023753069,118341.89,Card,2025,3,March,Friday,0,120000,1658.112285036828,17751.283499999998,0.15,3,High
ORD00480,2025-03-14,Laptop,Electronics,South,4,65000,0.1318644075181397,225715.25,Card,2025,3,March,Friday,0,260000,34284.745954716316,33857.2875,0.15,2,High
ORD00665,2025-03-14,Tablet,Electronics,East,6,22000,0.1597568025661684,110912.1,UPI,2025,3,March,Friday,0,132000,21087.89793873423,16636.815,0.14999999999999997,3,High
ORD00201,2025-03-14,Phone,Electronics,West,6,30000,0.111254013713498,159974.28,Cash,2025,3,March,Friday,0,180000,20025.722468429638,23996.142,0.15,4,High
ORD00823,2025-03-15,Laptop,Electronics,West,5,65000,0.0034443388235125,323880.59,Net Banking,2025,3,March,Saturday,1,325000,1119.4101176415625,48582.088500000005,0.15,4,High
ORD00867,2025-03-15,Monitor,Electronics,South,6,15000,0.1256032484077346,78695.71,UPI,2025,3,March,Saturday,1,90000,11304.292356696114,11804.3565,0.15,2,High
ORD00086,2025-03-15,Headphones,Accessories,West,1,3500,0.2331949049142456,2683.82,Net Banking,2025,3,March,Saturday,1,3500,816.1821671998596,402.57300000000004,0.15,4,Low
ORD00377,2025-03-15,Headphones,Accessories,North,4,3500,0.1982512447399076,11224.48,Net Banking,2025,3,March,Saturday,1,14000,2775.5174263587064,1683.6719999999998,0.15,1,Low
ORD00011,2025-03-16,Tablet,Electronics,South,5,22000,0.1894775796832151,89157.47,Net Banking,2025,3,March,Sunday,1,110000,20842.53376515366,13373.620499999999,0.15,2,High
ORD00996,2025-03-16,Headphones,Accessories,West,6,3500,0.2039753038657735,16716.52,Cash,2025,3,March,Sunday,1,21000,4283.481381181244,2507.478,0.15,4,Low
ORD00375,2025-03-16,Monitor,Electronics,North,2,15000,0.0271642758155656,29185.07,Cash,2025,3,March,Sunday,1,30000,814.928274466968,4377.760499999999,0.15,1,Low
ORD01179,2025-03-17,Phone,Electronics,South,7,30000,0.0334466063984638,202976.21,Net Banking,2025,3,March,Monday,0,210000,7023.787343677398,30446.4315,0.15,2,High
ORD00825,2025-03-17,Headphones,Accessories,East,1,3500,0.114136830748513,3100.52,UPI,2025,3,March,Monday,0,3500,399.4789076197955,465.078,0.15,3,Low
ORD00694,2025-03-17,Monitor,Electronics,West,5,15000,0.0052890028558233,74603.32,UPI,2025,3,March,Monday,0,75000,396.67521418674755,11190.498000000001,0.15,4,High
ORD01064,2025-03-17,Headphones,Accessories,North,4,3500,0.0231963635316848,13675.25,Cash,2025,3,March,Monday,0,14000,324.7490894435872,2051.2875,0.15,1,Low
ORD01196,2025-03-18,Headphones,Accessories,West,5,3500,0.2478111570350069,13163.3,Net Banking,2025,3,March,Tuesday,0,17500,4336.695248112621,1974.495,0.15,4,Low
ORD00476,2025-03-18,Headphones,Accessories,South,7,3500,0.2346278647402664,18751.62,UPI,2025,3,March,Tuesday,0,24500,5748.382686136527,2812.743,0.15,2,Low
ORD00890,2025-03-18,Phone,Electronics,West,1,30000,0.1166273157845857,26501.18,Unknown,2025,3,March,Tuesday,0,30000,3498.819473537571,3975.1769999999997,0.15,4,Low
ORD00513,2025-03-18,Monitor,Electronics,North,7,15000,0.2449946349725395,79275.56,Card,2025,3,March,Tuesday,0,105000,25724.436672116648,11891.333999999999,0.15,1,High
ORD00196,2025-03-19,Laptop,Electronics,South,5,65000,0.0389394177436448,312344.69,UPI,2025,3,March,Wednesday,0,325000,12655.31076668456,46851.703499999996,0.15,2,High
ORD00687,2025-03-19,Tablet,Electronics,North,5,22000,0.031806490472957,106501.29,Card,2025,3,March,Wednesday,0,110000,3498.71395202527,15975.193499999998,0.15,1,High
ORD00240,2025-03-20,Headphones,Accessories,South,7,3500,0.2442981824785893,18514.69,Card,2025,3,March,Thursday,0,24500,5985.305470725438,2777.2034999999996,0.15,2,Low
ORD00925,2025-03-20,Phone,Electronics,South,6,30000,0.0946552318586296,162962.06,Net Banking,2025,3,March,Thursday,0,180000,17037.94173455333,24444.308999999997,0.15,2,High
ORD00952,2025-03-21,Phone,Electronics,South,3,30000,0.008544852732065,89230.96,Card,2025,3,March,Friday,0,90000,769.0367458858499,13384.644,0.15,2,High
ORD00745,2025-03-21,Headphones,Accessories,West,3,3500,0.2061038856708732,8335.91,Net Banking,2025,3,March,Friday,0,10500,2164.0907995441685,1250.3864999999998,0.15,4,Low
ORD01157,2025-03-21,Laptop,Electronics,East,3,65000,0.1222245753676676,171166.21,Net Banking,2025,3,March,Friday,0,195000,23833.792196695184,25674.9315,0.15,3,High
ORD00770,2025-03-21,Phone,Electronics,North,2,30000,0.1274575915142623,52352.54,Card,2025,3,March,Friday,0,60000,7647.455490855738,7852.880999999999,0.15,1,High
ORD00972,2025-03-22,Tablet,Electronics,East,6,22000,0.0643430782637865,123506.71,Net Banking,2025,3,March,Saturday,1,132000,8493.28633081982,18526.0065,0.15,3,High
ORD00767,2025-03-22,Headphones,Accessories,East,3,3500,0.182445191760948,8584.33,UPI,2025,3,March,Saturday,1,10500,1915.674513489954,1287.6495,0.15,3,Low
ORD00856,2025-03-22,Monitor,Electronics,West,3,15000,0.1199496256887883,39602.27,Cash,2025,3,March,Saturday,1,45000,5397.733155995474,5940.340499999999,0.15,4,Low
ORD00003,2025-03-22,Headphones,Accessories,East,7,3500,0.2071367312096964,19425.15,Card,2025,3,March,Saturday,1,24500,5074.849914637562,2913.7725,0.15,3,Low
ORD00130,2025-03-22,Headphones,Accessories,South,3,3500,0.0401470781462296,10078.46,UPI,2025,3,March,Saturday,1,10500,421.5443205354108,1511.7689999999998,0.15,2,Low
ORD00749,2025-03-22,Phone,Electronics,South,1,30000,0.0044652397937952,29866.04,Cash,2025,3,March,Saturday,1,30000,133.957193813856,4479.906,0.15,2,Low
ORD00862,2025-03-23,Monitor,Electronics,East,4,15000,0.0664523533187664,56012.86,Cash,2025,3,March,Sunday,1,60000,3987.141199125984,8401.929,0.15,3,High
ORD01084,2025-03-23,Tablet,Electronics,East,6,22000,0.1759444236350561,108775.34,Cash,2025,3,March,Sunday,1,132000,23224.663919827406,16316.301,0.15,3,High
ORD00787,2025-03-23,Laptop,Electronics,East,6,65000,0.0644735022869485,364855.33,Net Banking,2025,3,March,Sunday,1,390000,25144.665891909914,54728.2995,0.15,3,High
ORD00939,2025-03-23,Tablet,Electronics,West,4,22000,0.1911891719831621,71175.35,Net Banking,2025,3,March,Sunday,1,88000,16824.647134518265,10676.3025,0.15,4,High
ORD00167,2025-03-24,Phone,Electronics,South,3,30000,0.0535816007137466,85177.66,Cash,2025,3,March,Monday,0,90000,4822.344064237193,12776.649,0.15,2,High
ORD00236,2025-03-24,Headphones,Accessories,East,1,3500,0.2439340060974151,2646.23,Net Banking,2025,3,March,Monday,0,3500,853.7690213409529,396.9345,0.15,3,Low
ORD00632,2025-03-24,Phone,Electronics,North,7,30000,0.2405499971336755,159484.5,Card,2025,3,March,Monday,0,210000,50515.49939807186,23922.675,0.15,1,High
ORD00520,2025-03-24,Tablet,Electronics,North,4,22000,0.2073988522714262,69748.9,UPI,2025,3,March,Monday,0,88000,18251.098999885508,10462.335,0.15,1,High
ORD00551,2025-03-24,Monitor,Electronics,East,7,15000,0.1601098030259103,88188.47,Cash,2025,3,March,Monday,0,105000,16811.529317720582,13228.2705,0.15,3,High
ORD00702,2025-03-24,Headphones,Accessories,North,4,3500,0.0054308639260224,13923.97,Card,2025,3,March,Monday,0,14000,76.0320949643136,2088.5955,0.15,1,Low
ORD00616,2025-03-25,Headphones,Accessories,North,1,3500,0.1364495714348658,3022.43,Net Banking,2025,3,March,Tuesday,0,3500,477.5735000220303,453.36449999999996,0.15,1,Low
ORD00446,2025-03-25,Headphones,Accessories,West,3,3500,0.115957027615719,9282.45,Cash,2025,3,March,Tuesday,0,10500,1217.5487899650495,1392.3675,0.15,4,Low
ORD00894,2025-03-26,Monitor,Electronics,East,2,15000,0.0534577053194994,28396.27,UPI,2025,3,March,Wednesday,0,30000,1603.731159584982,4259.4405,0.15,3,Low
ORD00230,2025-03-26,Laptop,Electronics,South,6,65000,0.1115182232300565,346507.89,Net Banking,2025,3,March,Wednesday,0,390000,43492.10705972204,51976.1835,0.15,2,High
ORD00416,2025-03-26,Headphones,Accessories,North,2,3500,0.0532687335997505,6627.12,Cash,2025,3,March,Wednesday,0,7000,372.8811351982535,994.068,0.15,1,Low
ORD00505,2025-03-27,Phone,Electronics,South,7,30000,0.1184831844095194,185118.53,Net Banking,2025,3,March,Thursday,0,210000,24881.46872599907,27767.7795,0.15,2,High
ORD00587,2025-03-27,Headphones,Accessories,East,2,3500,0.0825503238994328,6422.15,Cash,2025,3,March,Thursday,0,7000,577.8522672960296,963.3224999999999,0.15,3,Low
ORD00164,2025-03-27,Tablet,Electronics,North,2,22000,0.0100237524681939,43558.95,UPI,2025,3,March,Thursday,0,44000,441.04510860053165,6533.8425,0.15,1,Low
ORD00034,2025-03-28,Tablet,Electronics,Unknown,6,22000,0.1698817523022394,109575.61,Card,2025,3,March,Friday,0,132000,22424.3913038956,16436.3415,0.15,0,High
ORD00315,2025-03-28,Phone,Electronics,West,2,30000,0.2236719717169537,46579.68,Card,2025,3,March,Friday,0,60000,13420.31830301722,6986.952,0.15,4,Low
ORD00773,2025-03-29,Laptop,Electronics,West,5,65000,0.1832811186398863,265433.64,Card,2025,3,March,Saturday,1,325000,59566.36355796305,39815.046,0.15,4,High
ORD00574,2025-03-29,Laptop,Electronics,East,3,65000,0.220543767582237,151993.97,Net Banking,2025,3,March,Saturday,1,195000,43006.03467853622,22799.0955,0.15,3,High
ORD00303,2025-03-30,Laptop,Electronics,North,2,65000,0.0927280803854173,117945.35,Cash,2025,3,March,Sunday,1,130000,12054.65045010425,17691.8025,0.15,1,High
ORD01172,2025-03-30,Headphones,Accessories,West,6,3500,0.0817245879692473,19283.78,Net Banking,2025,3,March,Sunday,1,21000,1716.2163473541932,2892.5669999999996,0.15,4,Low
ORD00473,2025-03-30,Tablet,Electronics,South,2,22000,0.1899917209251825,35640.36,Cash,2025,3,March,Sunday,1,44000,8359.63572070803,5346.054,0.15,2,Low
ORD00460,2025-03-30,Laptop,Electronics,South,2,65000,0.0087792027774166,128858.7,Cash,2025,3,March,Sunday,1,130000,1141.296361064158,19328.805,0.15,2,High
ORD00528,2025-03-31,Laptop,Electronics,South,4,65000,0.216275057977662,203768.48,Card,2025,3,March,Monday,0,260000,56231.51507419212,30565.272,0.15,2,High
ORD00855,2025-03-31,Phone,Electronics,West,6,30000,0.0809753156798221,165424.44,Cash,2025,3,March,Monday,0,180000,14575.556822367977,24813.666,0.15,4,High
ORD01034,2025-03-31,Phone,Electronics,East,1,30000,0.2374628449789658,22876.11,Cash,2025,3,March,Monday,0,30000,7123.885349368974,3431.4165,0.15,3,Low
ORD00888,2025-03-31,Laptop,Electronics,South,5,65000,0.0872151630115993,296655.07,Net Banking,2025,3,March,Monday,0,325000,28344.927978769774,44498.2605,0.15,2,High
ORD01078,2025-03-31,Laptop,Electronics,North,1,65000,0.0540673274493878,61485.62,Cash,2025,3,March,Monday,0,65000,3514.3762842102074,9222.843,0.15,1,High
ORD00812,2025-03-31,Monitor,Electronics,West,3,15000,0.0716484412284533,41775.82,UPI,2025,3,March,Monday,0,45000,3224.179855280399,6266.373,0.15,4,Low
ORD00327,2025-04-01,Phone,Electronics,North,3,30000,0.0894206578814935,81952.14,Card,2025,4,April,Tuesday,0,90000,8047.859209334415,12292.821,0.15,1,High
ORD00624,2025-04-01,Tablet,Electronics,West,7,22000,0.1504992408818823,130823.12,Card,2025,4,April,Tuesday,0,154000,23176.883095809873,19623.467999999997,0.15,4,High
ORD00012,2025-04-01,Monitor,Electronics,West,6,15000,0.2066528711644825,71401.24,UPI,2025,4,April,Tuesday,0,90000,18598.758404803426,10710.186,0.15,4,High
ORD01118,2025-04-01,Tablet,Electronics,East,4,22000,0.1910190133553226,71190.33,Card,2025,4,April,Tuesday,0,88000,16809.673175268388,10678.5495,0.15,3,High
ORD00948,2025-04-02,Laptop,Electronics,South,7,65000,0.2485672947908207,341901.88,UPI,2025,4,April,Wednesday,0,455000,113098.11912982342,51285.282,0.15,2,High
ORD00626,2025-04-02,Phone,Electronics,East,7,30000,0.0179625838715585,206227.86,Net Banking,2025,4,April,Wednesday,0,210000,3772.142613027285,30934.178999999996,0.15,3,High
ORD00288,2025-04-02,Tablet,Electronics,North,1,22000,0.117251269753168,19420.47,Cash,2025,4,April,Wednesday,0,22000,2579.5279345696963,2913.0705000000003,0.15,1,Low
ORD00645,2025-04-02,Headphones,Accessories,West,6,3500,0.0418412499110448,20121.33,UPI,2025,4,April,Wednesday,0,21000,878.6662481319407,3018.1995,0.15,4,Low
ORD00477,2025-04-02,Monitor,Electronics,North,2,15000,0.1820937414366022,24537.19,Net Banking,2025,4,April,Wednesday,0,30000,5462.812243098066,3680.5784999999996,0.15,1,Low
ORD00651,2025-04-03,Tablet,Electronics,North,1,22000,0.0576697813319644,20731.26,Card,2025,4,April,Thursday,0,22000,1268.7351893032167,3109.689,0.15,1,Low
ORD00227,2025-04-03,Monitor,Electronics,East,5,15000,0.0224383088127988,73317.13,Cash,2025,4,April,Thursday,0,75000,1682.8731609599101,10997.5695,0.15,3,High
ORD01145,2025-04-03,Phone,Electronics,North,5,30000,0.1809363225479594,122859.55,Card,2025,4,April,Thursday,0,150000,27140.44838219391,18428.9325,0.15,1,High
ORD00837,2025-04-03,Monitor,Electronics,East,5,15000,0.2356010627021306,57329.92,Net Banking,2025,4,April,Thursday,0,75000,17670.079702659794,8599.488,0.15,3,High
ORD01035,2025-04-04,Laptop,Electronics,West,5,65000,0.1871286167232738,264183.2,Card,2025,4,April,Friday,0,325000,60816.80043506398,39627.48,0.15,4,High
ORD00317,2025-04-04,Headphones,Accessories,West,4,3500,0.0276810646501385,13612.47,UPI,2025,4,April,Friday,0,14000,387.534905101939,2041.8704999999998,0.15,4,Low
ORD00677,2025-04-04,Tablet,Electronics,West,2,22000,0.0672826251807014,41039.56,Card,2025,4,April,Friday,0,44000,2960.4355079508614,6155.933999999999,0.15,4,Low
ORD01053,2025-04-04,Tablet,Electronics,East,2,22000,0.0947169890869893,39832.45,UPI,2025,4,April,Friday,0,44000,4167.54751982753,5974.867499999999,0.15,3,Low
ORD00259,2025-04-04,Laptop,Electronics,East,2,65000,0.2364234129561183,99264.96,UPI,2025,4,April,Friday,0,130000,30735.04368429538,14889.744,0.15,3,High
ORD00578,2025-04-04,Tablet,Electronics,North,2,22000,0.1118481879480273,39078.68,Net Banking,2025,4,April,Friday,0,44000,4921.320269713201,5861.802,0.15,1,Low
ORD01141,2025-04-04,Monitor,Electronics,North,3,15000,0.0425797720279572,43083.91,Net Banking,2025,4,April,Friday,0,45000,1916.0897412580741,6462.5865,0.15,1,Low
ORD01130,2025-04-04,Headphones,Accessories,West,2,3500,0.1244995726982891,6128.5,Cash,2025,4,April,Friday,0,7000,871.4970088880236,919.275,0.15,4,Low
ORD00758,2025-04-05,Phone,Electronics,South,4,30000,0.019539034971347,117655.32,Card,2025,4,April,Saturday,1,120000,2344.68419656164,17648.298,0.15,2,High
ORD01147,2025-04-06,Tablet,Electronics,West,3,22000,0.2156369501020813,51767.96,Card,2025,4,April,Sunday,1,66000,14232.038706737367,7765.1939999999995,0.15,4,High
ORD00059,2025-04-06,Headphones,Accessories,East,4,3500,0.1315151317215052,12158.79,UPI,2025,4,April,Sunday,1,14000,1841.2118441010728,1823.8185,0.15,3,Low
ORD00316,2025-04-06,Headphones,Accessories,North,7,3500,0.0681466243539729,22830.41,Card,2025,4,April,Sunday,1,24500,1669.592296672336,3424.5615,0.15,1,Low
ORD00353,2025-04-06,Phone,Electronics,North,4,30000,0.0757411572093255,110911.06,Card,2025,4,April,Sunday,1,120000,9088.93886511906,16636.659,0.15,1,High
ORD00149,2025-04-07,Monitor,Electronics,North,6,15000,0.1044048231635114,80603.57,Net Banking,2025,4,April,Monday,0,90000,9396.434084716027,12090.5355,0.15,1,High
ORD00489,2025-04-07,Headphones,Accessories,North,7,3500,0.1456610873286344,20931.3,UPI,2025,4,April,Monday,0,24500,3568.696639551543,3139.6949999999997,0.15,1,Low
ORD00876,2025-04-09,Tablet,Electronics,South,3,22000,0.1326808227650585,57243.07,Net Banking,2025,4,April,Wednesday,0,66000,8756.93430249386,8586.4605,0.15,2,High
ORD00430,2025-04-09,Headphones,Accessories,North,1,3500,0.1025121967287485,3141.21,Card,2025,4,April,Wednesday,0,3500,358.79268855061974,471.18149999999997,0.15,1,Low
ORD00565,2025-04-10,Monitor,Electronics,North,5,15000,0.030027657525346,72747.93,Card,2025,4,April,Thursday,0,75000,2252.07431440095,10912.189499999999,0.15,1,High
ORD00911,2025-04-10,Headphones,Accessories,East,2,3500,0.1297918087285803,6091.46,Card,2025,4,April,Thursday,0,7000,908.542661100062,913.7189999999999,0.15,3,Low
ORD00670,2025-04-10,Laptop,Electronics,South,6,65000,0.208209263665378,308798.39,Card,2025,4,April,Thursday,0,390000,81201.61282949742,46319.7585,0.15,2,High
ORD00118,2025-04-10,Laptop,Electronics,North,5,65000,0.0066331093015185,322844.24,Net Banking,2025,4,April,Thursday,0,325000,2155.7605229935125,48426.636,0.15,1,High
ORD00954,2025-04-11,Tablet,Electronics,West,4,22000,0.1998057304147638,70417.1,Cash,2025,4,April,Friday,0,88000,17582.904276499215,10562.565,0.15,4,High
ORD00811,2025-04-12,Laptop,Electronics,West,4,65000,0.0118431266823724,256920.79,Cash,2025,4,April,Saturday,1,260000,3079.212937416824,38538.1185,0.15,4,High
ORD01039,2025-04-12,Tablet,Electronics,West,4,22000,0.092086041051586,79896.43,Cash,2025,4,April,Saturday,1,88000,8103.571612539568,11984.464499999998,0.15,4,High
ORD01164,2025-04-12,Tablet,Electronics,West,1,22000,0.2215837059832558,17125.16,UPI,2025,4,April,Saturday,1,22000,4874.841531631628,2568.774,0.15,4,Low
ORD00210,2025-04-12,Headphones,Accessories,East,2,3500,0.1769609736003619,5761.27,UPI,2025,4,April,Saturday,1,7000,1238.7268152025333,864.1905,0.15,3,Low
ORD00903,2025-04-12,Phone,Electronics,West,2,30000,0.2017360560885089,47895.84,UPI,2025,4,April,Saturday,1,60000,12104.163365310533,7184.375999999999,0.15,4,Low
ORD00834,2025-04-14,Laptop,Electronics,East,5,65000,0.1053200319208136,290770.99,Card,2025,4,April,Monday,0,325000,34229.01037426442,43615.648499999996,0.15,3,High
ORD00741,2025-04-14,Monitor,Electronics,North,2,15000,0.0558975802190117,28323.07,Cash,2025,4,April,Monday,0,30000,1676.927406570351,4248.4605,0.15,1,Low
ORD01090,2025-04-14,Laptop,Electronics,South,3,65000,0.0730778858574979,180749.81,Card,2025,4,April,Monday,0,195000,14250.18774221209,27112.4715,0.15,2,High
ORD01136,2025-04-14,Laptop,Electronics,South,4,65000,0.1724404621110217,215165.48,Card,2025,4,April,Monday,0,260000,44834.520148865646,32274.822,0.15,2,High
ORD00545,2025-04-15,Monitor,Electronics,North,2,15000,0.1775042200136558,24674.87,UPI,2025,4,April,Tuesday,0,30000,5325.126600409673,3701.2304999999997,0.15,1,Low
ORD00363,2025-04-15,Phone,Electronics,West,2,30000,0.2224448666349671,46653.31,Card,2025,4,April,Tuesday,0,60000,13346.691998098026,6997.996499999999,0.15,4,Low
ORD00310,2025-04-15,Laptop,Electronics,North,5,65000,0.1863009606952527,264452.19,Card,2025,4,April,Tuesday,0,325000,60547.81222595713,39667.828499999996,0.15,1,High
ORD00487,2025-04-15,Phone,Electronics,West,3,30000,0.1257187342450883,78685.31,UPI,2025,4,April,Tuesday,0,90000,11314.686082057948,11802.796499999999,0.15,4,High
ORD00107,2025-04-15,Headphones,Accessories,North,2,3500,0.1493486322684601,5954.56,Cash,2025,4,April,Tuesday,0,7000,1045.4404258792206,893.1840000000001,0.15,1,Low
ORD00570,2025-04-15,Tablet,Electronics,North,2,22000,0.2068136488976841,34900.2,Net Banking,2025,4,April,Tuesday,0,44000,9099.800551498101,5235.03,0.15,1,Low
ORD00458,2025-04-16,Headphones,Accessories,East,7,3500,0.2116677626270608,19314.14,Net Banking,2025,4,April,Wednesday,0,24500,5185.8601843629895,2897.1209999999996,0.15,3,Low
ORD00842,2025-04-16,Headphones,Accessories,West,7,3500,0.1968888962158042,19676.22,UPI,2025,4,April,Wednesday,0,24500,4823.777957287202,2951.433,0.15,4,Low
ORD00249,2025-04-17,Headphones,Accessories,North,6,3500,0.1564973891747701,17713.55,Cash,2025,4,April,Thursday,0,21000,3286.4451726701723,2657.0325,0.15,1,Low
ORD00490,2025-04-17,Headphones,Accessories,North,1,3500,0.0987754593869727,3154.29,Net Banking,2025,4,April,Thursday,0,3500,345.71410785440446,473.14349999999996,0.15,1,Low
ORD00300,2025-04-18,Laptop,Electronics,North,6,65000,0.1656323985915499,325403.36,UPI,2025,4,April,Friday,0,390000,64596.63545070447,48810.50399999999,0.15,1,High
ORD00390,2025-04-18,Laptop,Electronics,East,1,65000,0.0424499934431768,62240.75,Cash,2025,4,April,Friday,0,65000,2759.2495738064918,9336.1125,0.15,3,High
ORD00139,2025-04-18,Phone,Electronics,North,6,30000,0.2195368561638843,140483.37,UPI,2025,4,April,Friday,0,180000,39516.63410949917,21072.5055,0.15,1,High
ORD00016,2025-04-19,Headphones,Accessories,North,1,3500,0.1304796176923133,3043.32,UPI,2025,4,April,Saturday,1,3500,456.67866192309657,456.498,0.15,1,Low
ORD00625,2025-04-20,Headphones,Accessories,East,6,3500,0.1843787843244314,17128.05,Net Banking,2025,4,April,Sunday,1,21000,3871.9544708130593,2569.2075,0.15,3,Low
ORD00664,2025-04-20,Phone,Electronics,South,3,30000,0.1316933078405769,78147.6,Cash,2025,4,April,Sunday,1,90000,11852.39770565192,11722.140000000001,0.15,2,High
ORD00433,2025-04-20,Monitor,Electronics,South,1,15000,0.1605631046419983,12591.55,Net Banking,2025,4,April,Sunday,1,15000,2408.4465696299744,1888.7324999999998,0.15,2,Low
ORD01013,2025-04-20,Phone,Electronics,East,5,30000,0.2181329372871245,117280.06,Net Banking,2025,4,April,Sunday,1,150000,32719.940593068673,17592.009,0.15,3,High
ORD00743,2025-04-20,Headphones,Accessories,East,7,3500,0.1034825797636502,21964.68,Cash,2025,4,April,Sunday,1,24500,2535.32320420943,3294.7019999999998,0.15,3,Low
ORD00937,2025-04-20,Laptop,Electronics,South,4,65000,0.0786453922589606,239552.2,Net Banking,2025,4,April,Sunday,1,260000,20447.801987329756,35932.83,0.15,2,High
ORD00683,2025-04-21,Monitor,Electronics,East,2,15000,0.1020807556582472,26937.58,Net Banking,2025,4,April,Monday,0,30000,3062.422669747416,4040.637,0.15,3,Low
ORD00421,2025-04-21,Monitor,Electronics,East,2,15000,0.0519995184271151,28440.01,Net Banking,2025,4,April,Monday,0,30000,1559.985552813453,4266.001499999999,0.15,3,Low
ORD00541,2025-04-21,Headphones,Accessories,West,4,3500,0.0614249357487452,13140.05,UPI,2025,4,April,Monday,0,14000,859.9491004824328,1971.0074999999997,0.15,4,Low
ORD01005,2025-04-23,Laptop,Electronics,South,4,65000,0.0808164710912761,238987.72,Card,2025,4,April,Wednesday,0,260000,21012.282483731786,35848.157999999996,0.15,2,High
ORD00655,2025-04-23,Tablet,Electronics,North,1,22000,0.2124325478503067,17326.48,Cash,2025,4,April,Wednesday,0,22000,4673.516052706747,2598.9719999999998,0.15,1,Low
ORD01186,2025-04-23,Phone,Electronics,West,7,30000,0.1905628370758779,169981.8,Cash,2025,4,April,Wednesday,0,210000,40018.19578593436,25497.269999999997,0.15,4,High
ORD00967,2025-04-23,Headphones,Accessories,West,3,3500,0.223435782179068,8153.92,UPI,2025,4,April,Wednesday,0,10500,2346.0757128802143,1223.088,0.15,4,Low
ORD00549,2025-04-23,Tablet,Electronics,East,6,22000,0.1190334552726025,116287.58,Cash,2025,4,April,Wednesday,0,132000,15712.416095983532,17443.137,0.15,3,High
ORD00905,2025-04-24,Tablet,Electronics,East,7,22000,0.1516330251019861,130648.51,UPI,2025,4,April,Thursday,0,154000,23351.485865705858,19597.2765,0.15,3,High
ORD00427,2025-04-24,Monitor,Electronics,West,5,15000,0.0928858021015903,68033.56,UPI,2025,4,April,Thursday,0,75000,6966.435157619272,10205.034,0.15,4,High
ORD00615,2025-04-24,Headphones,Accessories,North,7,3500,0.2074374775312278,19417.78,Card,2025,4,April,Thursday,0,24500,5082.218199515081,2912.667,0.15,1,Low
ORD00769,2025-04-25,Laptop,Electronics,East,6,65000,0.118117169391122,343934.3,UPI,2025,4,April,Friday,0,390000,46065.69606253758,51590.145,0.15,3,High
ORD00965,2025-04-25,Monitor,Electronics,North,7,15000,0.2198529333719212,81915.44,Card,2025,4,April,Friday,0,105000,23084.558004051723,12287.316,0.15,1,High
ORD00521,2025-04-25,Phone,Electronics,North,1,30000,0.0061127102205037,29816.62,UPI,2025,4,April,Friday,0,30000,183.381306615111,4472.4929999999995,0.15,1,Low
ORD00281,2025-04-26,Phone,Electronics,North,2,30000,0.1054415156786403,53673.51,Cash,2025,4,April,Saturday,1,60000,6326.490940718418,8051.0265,0.15,1,High
ORD00926,2025-04-26,Monitor,Electronics,North,2,15000,0.0962919343389923,27111.24,UPI,2025,4,April,Saturday,1,30000,2888.758030169769,4066.686,0.15,1,Low
ORD00728,2025-04-26,Laptop,Electronics,East,1,65000,0.1778523369274355,53439.6,Card,2025,4,April,Saturday,1,65000,11560.401900283307,8015.94,0.15,3,High
ORD00231,2025-04-26,Tablet,Electronics,South,4,22000,0.2326711221361551,67524.94,Net Banking,2025,4,April,Saturday,1,88000,20475.05874798165,10128.741,0.15,2,High
ORD01134,2025-04-27,Headphones,Accessories,West,6,3500,0.0346451378606157,20272.45,UPI,2025,4,April,Sunday,1,21000,727.5478950729298,3040.8675,0.15,4,Low
ORD00298,2025-04-27,Tablet,Electronics,West,6,22000,0.1577663607179718,111174.84,Card,2025,4,April,Sunday,1,132000,20825.159614772278,16676.226,0.15,4,High
ORD00908,2025-04-28,Laptop,Electronics,North,1,65000,0.2482019893176112,48866.87,Card,2025,4,April,Monday,0,65000,16133.129305644728,7330.0305,0.15,1,Low
ORD01074,2025-04-28,Tablet,Electronics,North,4,22000,0.2106137503631668,69465.99,Cash,2025,4,April,Monday,0,88000,18534.010031958678,10419.898500000001,0.15,1,High
ORD00068,2025-04-28,Phone,Electronics,North,3,30000,0.2446585359751097,67980.73,Card,2025,4,April,Monday,0,90000,22019.268237759872,10197.109499999999,0.15,1,High
ORD00331,2025-04-28,Tablet,Electronics,North,1,22000,0.077083300988211,20304.17,Card,2025,4,April,Monday,0,22000,1695.8326217406423,3045.6254999999996,0.15,1,Low
ORD01117,2025-04-29,Monitor,Electronics,East,1,15000,0.043634282906697,14345.49,Cash,2025,4,April,Tuesday,0,15000,654.514243600455,2151.8235,0.15,3,Low
ORD01094,2025-04-29,Phone,Electronics,South,6,30000,0.0769071213560325,166156.72,UPI,2025,4,April,Tuesday,0,180000,13843.28184408585,24923.507999999998,0.15,2,High
ORD00309,2025-04-29,Phone,Electronics,South,7,30000,0.0538737854531751,198686.51,Cash,2025,4,April,Tuesday,0,210000,11313.49494516677,29802.9765,0.15,2,High
ORD00971,2025-05-01,Phone,Electronics,North,1,30000,0.1044358215907099,26866.93,Net Banking,2025,5,May,Thursday,0,30000,3133.074647721297,4030.0395,0.15,1,Low
ORD00018,2025-05-01,Laptop,Electronics,North,6,65000,0.1410237842618057,335000.72,UPI,2025,5,May,Thursday,0,390000,54999.27586210422,50250.10799999999,0.15,1,High
ORD00968,2025-05-01,Phone,Electronics,East,6,30000,0.1064927412032123,160831.31,Card,2025,5,May,Thursday,0,180000,19168.693416578215,24124.6965,0.15,3,High
ORD00151,2025-05-01,Monitor,Electronics,North,1,15000,0.1986876396043929,12019.69,Net Banking,2025,5,May,Thursday,0,15000,2980.3145940658933,1802.9535,0.15,1,Low
ORD01031,2025-05-01,Tablet,Electronics,West,5,22000,0.084753964393315,100677.06,Card,2025,5,May,Thursday,0,110000,9322.93608326465,15101.559,0.15,4,High
ORD00277,2025-05-01,Tablet,Electronics,North,4,22000,0.1091668723347098,78393.32,Net Banking,2025,5,May,Thursday,0,88000,9606.684765454462,11758.998000000001,0.15,1,High
ORD00957,2025-05-01,Tablet,Electronics,North,4,22000,0.0244708200537149,85846.57,UPI,2025,5,May,Thursday,0,88000,2153.432164726911,12876.9855,0.15,1,High
ORD00125,2025-05-01,Monitor,Electronics,North,7,15000,0.0826790166865263,96318.7,Unknown,2025,5,May,Thursday,0,105000,8681.296752085262,14447.804999999998,0.15,1,High
ORD00814,2025-05-01,Phone,Electronics,East,7,30000,0.110269357404321,186843.43,Card,2025,5,May,Thursday,0,210000,23156.565054907413,28026.514499999997,0.15,3,High
ORD00668,2025-05-02,Monitor,Electronics,North,6,15000,0.0509651568323859,85413.14,UPI,2025,5,May,Friday,0,90000,4586.864114914731,12811.971,0.15,1,High
ORD00633,2025-05-02,Tablet,Electronics,North,5,22000,0.1126441159002203,97609.15,Card,2025,5,May,Friday,0,110000,12390.852749024234,14641.3725,0.15,1,High
ORD00801,2025-05-03,Laptop,Electronics,West,7,65000,0.210682992201618,359139.24,Cash,2025,5,May,Saturday,1,455000,95860.7614517362,53870.886,0.15,4,High
ORD00374,2025-05-03,Phone,Electronics,East,6,30000,0.2091532602581732,142352.41,Net Banking,2025,5,May,Saturday,1,180000,37647.586846471175,21352.8615,0.15,3,High
ORD01112,2025-05-03,Phone,Electronics,West,1,30000,0.0196858224707292,29409.43,UPI,2025,5,May,Saturday,1,30000,590.574674121876,4411.4145,0.15,4,Low
ORD00493,2025-05-04,Headphones,Accessories,South,5,3500,0.0616812633698678,16420.58,Card,2025,5,May,Sunday,1,17500,1079.4221089726866,2463.087,0.15,2,Low
ORD01133,2025-05-04,Headphones,Accessories,West,2,3500,0.2066905899737367,5553.17,Cash,2025,5,May,Sunday,1,7000,1446.834129816157,832.9755,0.15,4,Low
ORD00089,2025-05-04,Headphones,Accessories,South,1,3500,0.1127616250463137,3105.33,Card,2025,5,May,Sunday,1,3500,394.6656876620979,465.79949999999997,0.15,2,Low
ORD00140,2025-05-04,Tablet,Electronics,South,3,22000,0.0936159841122344,59821.35,Cash,2025,5,May,Sunday,1,66000,6178.65495140747,8973.2025,0.15,2,High
ORD00286,2025-05-04,Monitor,Electronics,West,7,15000,0.0127083654871192,103665.62,Unknown,2025,5,May,Sunday,1,105000,1334.378376147516,15549.842999999999,0.15,4,High
ORD00168,2025-05-04,Laptop,Electronics,West,4,65000,0.0349059135447801,250924.46,Card,2025,5,May,Sunday,1,260000,9075.537521642826,37638.668999999994,0.15,4,High
ORD01059,2025-05-05,Tablet,Electronics,West,1,22000,0.0146796704125374,21677.05,Cash,2025,5,May,Monday,0,22000,322.9527490758228,3251.5575,0.15,4,Low
ORD00560,2025-05-05,Monitor,Electronics,North,5,15000,0.2304743766248001,57714.42,Card,2025,5,May,Monday,0,75000,17285.57824686001,8657.162999999999,0.15,1,High
ORD00456,2025-05-06,Tablet,Electronics,North,2,22000,0.1005119495392673,39577.47,Card,2025,5,May,Tuesday,0,44000,4422.525779727761,5936.6205,0.15,1,Low
ORD00101,2025-05-07,Monitor,Electronics,North,6,15000,0.0536347431400359,85172.87,Net Banking,2025,5,May,Wednesday,0,90000,4827.126882603231,12775.930499999999,0.15,1,High
ORD00455,2025-05-07,Tablet,Electronics,South,2,22000,0.2359495920259278,33618.22,UPI,2025,5,May,Wednesday,0,44000,10381.782049140824,5042.733,0.15,2,Low
ORD00031,2025-05-08,Tablet,Electronics,West,6,22000,0.0537945686571796,124899.12,Cash,2025,5,May,Thursday,0,132000,7100.883062747707,18734.868,0.15,4,High
ORD00441,2025-05-09,Monitor,Electronics,West,6,15000,0.1886432845545336,73022.1,Cash,2025,5,May,Friday,0,90000,16977.895609908024,10953.315,0.15,4,High
ORD00871,2025-05-09,Tablet,Electronics,North,2,22000,0.2148826979523313,34545.16,UPI,2025,5,May,Friday,0,44000,9454.838709902577,5181.774,0.15,1,Low
ORD00420,2025-05-09,Tablet,Electronics,North,7,22000,0.0096610774567211,152512.19,Net Banking,2025,5,May,Friday,0,154000,1487.8059283350494,22876.8285,0.15,1,High
ORD00445,2025-05-09,Tablet,Electronics,North,1,22000,0.0463438182006214,20980.44,UPI,2025,5,May,Friday,0,22000,1019.5640004136709,3147.066,0.15,1,Low
ORD00241,2025-05-09,Laptop,Electronics,East,12,65000,0.0590901088458861,366954.86,UPI,2025,5,May,Friday,0,780000,46090.28489979116,55043.229,0.15,3,High
ORD00369,2025-05-09,Laptop,Electronics,North,7,65000,0.1193001583207311,400718.43,Card,2025,5,May,Friday,0,455000,54281.57203593265,60107.7645,0.15,1,High
ORD00796,2025-05-09,Phone,Electronics,North,1,30000,0.1884426699109889,24346.72,Card,2025,5,May,Friday,0,30000,5653.280097329667,3652.0080000000003,0.15,1,Low
ORD00241,2025-05-09,Laptop,Electronics,East,6,65000,0.0590901088458861,366954.86,UPI,2025,5,May,Friday,0,390000,23045.14244989558,55043.229,0.15,3,High
ORD00617,2025-05-09,Phone,Electronics,South,2,30000,0.1901054212961543,48593.67,Cash,2025,5,May,Friday,0,60000,11406.325277769258,7289.050499999999,0.15,2,Low
ORD00768,2025-05-09,Tablet,Electronics,East,4,22000,0.2122446056562135,69322.47,UPI,2025,5,May,Friday,0,88000,18677.52529774679,10398.370499999999,0.15,3,High
ORD00646,2025-05-10,Phone,Electronics,East,5,30000,0.1566598044243703,126501.03,Card,2025,5,May,Saturday,1,150000,23498.970663655546,18975.1545,0.15,3,High
ORD00365,2025-05-10,Laptop,Electronics,West,4,65000,0.1978628719519055,208555.65,Card,2025,5,May,Saturday,1,260000,51444.34670749543,31283.347499999996,0.15,4,High
ORD00752,2025-05-10,Laptop,Electronics,South,5,65000,0.0030129657539813,324020.79,UPI,2025,5,May,Saturday,1,325000,979.2138700439225,48603.1185,0.15,2,High
ORD00233,2025-05-12,Laptop,Electronics,North,2,65000,0.0087939955461049,128856.78,Card,2025,5,May,Monday,0,130000,1143.219420993637,19328.517,0.15,1,High
ORD00573,2025-05-12,Phone,Electronics,North,3,30000,0.1577280019431637,75804.48,Cash,2025,5,May,Monday,0,90000,14195.520174884732,11370.671999999999,0.15,1,High
ORD00690,2025-05-12,Headphones,Accessories,East,4,3500,0.1115705846451103,12438.01,UPI,2025,5,May,Monday,0,14000,1561.9881850315442,1865.7015,0.15,3,Low
ORD01058,2025-05-14,Headphones,Accessories,West,5,3500,0.1984181560641067,14027.68,Net Banking,2025,5,May,Wednesday,0,17500,3472.3177311218674,2104.152,0.15,4,Low
ORD00150,2025-05-15,Laptop,Electronics,West,5,65000,0.0295997707946671,315380.07,Net Banking,2025,5,May,Thursday,0,325000,9619.925508266808,47307.0105,0.15,4,High
ORD00246,2025-05-15,Laptop,Electronics,South,1,65000,0.1421424286759338,55760.74,Net Banking,2025,5,May,Thursday,0,65000,9239.257863935696,8364.110999999999,0.15,2,High
ORD00891,2025-05-16,Laptop,Electronics,North,7,65000,0.0903247247131707,413902.25,Cash,2025,5,May,Friday,0,455000,41097.74974449267,62085.337499999994,0.15,1,High
ORD00878,2025-05-16,Headphones,Accessories,North,4,3500,0.0466208236889659,13347.31,Card,2025,5,May,Friday,0,14000,652.6915316455226,2002.0964999999999,0.15,1,Low
ORD00395,2025-05-16,Headphones,Accessories,East,5,3500,0.208530223000527,13850.72,Card,2025,5,May,Friday,0,17500,3649.2789025092225,2077.6079999999997,0.15,3,Low
ORD00349,2025-05-16,Laptop,Electronics,South,4,65000,0.0784616930279116,239599.96,Card,2025,5,May,Friday,0,260000,20400.04018725702,35939.994,0.15,2,High
ORD00147,2025-05-16,Laptop,Electronics,East,6,65000,0.1062448464165253,348564.51,UPI,2025,5,May,Friday,0,390000,41435.49010244487,52284.6765,0.15,3,High
ORD00292,2025-05-17,Phone,Electronics,East,4,30000,0.2055533865234517,95333.59,Cash,2025,5,May,Saturday,1,120000,24666.406382814206,14300.038499999999,0.15,3,High
ORD00158,2025-05-17,Tablet,Electronics,East,1,22000,0.1159189286703752,19449.78,Card,2025,5,May,Saturday,1,22000,2550.2164307482544,2917.4669999999996,0.15,3,Low
ORD00435,2025-05-18,Tablet,Electronics,East,3,22000,0.2457467928839767,49780.71,UPI,2025,5,May,Sunday,1,66000,16219.288330342462,7467.1065,0.15,3,Low
ORD00479,2025-05-18,Headphones,Accessories,East,7,3500,0.2191695346879257,19130.35,Card,2025,5,May,Sunday,1,24500,5369.653599854179,2869.5525,0.15,3,Low
ORD00276,2025-05-18,Tablet,Electronics,North,3,22000,0.1270482286945612,57614.82,Cash,2025,5,May,Sunday,1,66000,8385.183093841038,8642.223,0.15,1,High
ORD00155,2025-05-18,Tablet,Electronics,North,2,22000,0.2185835640837033,34382.32,Net Banking,2025,5,May,Sunday,1,44000,9617.676819682945,5157.348,0.15,1,Low
ORD00341,2025-05-18,Headphones,Accessories,South,4,3500,0.2051392706599651,11128.05,Cash,2025,5,May,Sunday,1,14000,2871.949789239511,1669.2074999999998,0.15,2,Low
ORD00900,2025-05-18,Headphones,Accessories,West,2,3500,0.0596166109289356,6582.68,Cash,2025,5,May,Sunday,1,7000,417.3162765025492,987.402,0.15,4,Low
ORD00135,2025-05-19,Headphones,Accessories,East,4,3500,0.2408949780555384,10627.47,Card,2025,5,May,Monday,0,14000,3372.5296927775375,1594.1204999999998,0.15,3,Low
ORD00883,2025-05-19,Tablet,Electronics,West,3,22000,0.1700087338519728,54779.42,Cash,2025,5,May,Monday,0,66000,11220.576434230205,8216.912999999999,0.14999999999999997,4,High
ORD01010,2025-05-19,Tablet,Electronics,East,1,22000,0.0260378734507178,21427.17,Net Banking,2025,5,May,Monday,0,22000,572.8332159157916,3214.0754999999995,0.15,3,Low
ORD00902,2025-05-19,Laptop,Electronics,East,5,65000,0.0326879533440796,314376.42,Net Banking,2025,5,May,Monday,0,325000,10623.584836825868,47156.462999999996,0.15,3,High
ORD00081,2025-05-19,Monitor,Electronics,West,6,15000,0.0896681978819778,81929.86,Cash,2025,5,May,Monday,0,90000,8070.137809378002,12289.479,0.15,4,High
ORD00361,2025-05-20,Monitor,Electronics,East,3,15000,0.2497074093334146,33763.17,Cash,2025,5,May,Tuesday,0,45000,11236.833420003657,5064.4755,0.15,3,Low
ORD00161,2025-05-20,Monitor,Electronics,North,1,15000,0.1670826851987884,12493.76,UPI,2025,5,May,Tuesday,0,15000,2506.2402779818262,1874.0639999999999,0.15,1,Low
ORD00584,2025-05-20,Laptop,Electronics,East,7,65000,0.0383828865842618,437535.79,Cash,2025,5,May,Tuesday,0,455000,17464.213395839117,65630.3685,0.15,3,High
ORD00172,2025-05-20,Laptop,Electronics,South,3,65000,0.2368299489324011,148818.16,UPI,2025,5,May,Tuesday,0,195000,46181.840041818214,22322.724,0.15,2,High
ORD01002,2025-05-21,Headphones,Accessories,South,1,3500,0.2342628576676267,2680.08,Card,2025,5,May,Wednesday,0,3500,819.9200018366935,402.012,0.15,2,Low
ORD00780,2025-05-21,Monitor,Electronics,South,6,15000,0.0538109370447874,85157.02,Net Banking,2025,5,May,Wednesday,0,90000,4842.984334030866,12773.553,0.15,2,High
ORD00583,2025-05-22,Laptop,Electronics,East,1,65000,0.0651759453339861,60763.56,Net Banking,2025,5,May,Thursday,0,65000,4236.436446709096,9114.534,0.15,3,High
ORD00606,2025-05-22,Tablet,Electronics,South,1,22000,0.1706470305542207,18245.77,Cash,2025,5,May,Thursday,0,22000,3754.2346721928557,2736.8655,0.15,2,Low
ORD00539,2025-05-23,Tablet,Electronics,South,1,22000,0.1328231887046512,19077.89,Cash,2025,5,May,Friday,0,22000,2922.1101515023265,2861.6834999999996,0.15,2,Low
ORD00009,2025-05-23,Phone,Electronics,North,2,30000,0.0650461638357478,56097.23,Card,2025,5,May,Friday,0,60000,3902.7698301448677,8414.5845,0.15,1,High
ORD00533,2025-05-23,Laptop,Electronics,South,5,65000,0.1874264377611592,264086.41,Card,2025,5,May,Friday,0,325000,60913.592272376736,39612.9615,0.15,2,High
ORD00033,2025-05-23,Laptop,Electronics,West,7,65000,0.048871627395501,432763.41,Card,2025,5,May,Friday,0,455000,22236.590464952955,64914.51149999999,0.15,4,High
ORD00507,2025-05-24,Tablet,Electronics,West,7,22000,0.0234519560019312,150388.4,Net Banking,2025,5,May,Saturday,1,154000,3611.6012242974048,22558.26,0.15,4,High
ORD00658,2025-05-24,Headphones,Accessories,East,5,3500,0.0717231033908637,16244.85,UPI,2025,5,May,Saturday,1,17500,1255.1543093401147,2436.7275,0.15,3,Low
ORD00526,2025-05-24,Phone,Electronics,North,6,30000,0.0138024891769951,177515.55,Cash,2025,5,May,Saturday,1,180000,2484.448051859118,26627.332499999997,0.15,1,High
ORD00993,2025-05-24,Laptop,Electronics,North,3,65000,0.1802601386666813,159849.27,UPI,2025,5,May,Saturday,1,195000,35150.72704000286,23977.390499999998,0.15,1,High
ORD01019,2025-05-24,Laptop,Electronics,South,3,65000,0.2368732612611962,148809.71,Card,2025,5,May,Saturday,1,195000,46190.28594593326,22321.456499999997,0.15,2,High
ORD00598,2025-05-24,Headphones,Accessories,South,2,3500,0.0724585284623728,6492.79,UPI,2025,5,May,Saturday,1,7000,507.2096992366096,973.9185,0.15,2,Low
ORD00514,2025-05-24,Monitor,Electronics,North,6,15000,0.2208824591059268,70120.58,Net Banking,2025,5,May,Saturday,1,90000,19879.421319533412,10518.087,0.15,1,High
ORD00524,2025-05-25,Monitor,Electronics,East,6,15000,0.1408808092423843,77320.73,UPI,2025,5,May,Sunday,1,90000,12679.272831814587,11598.109499999999,0.15,3,High
ORD00332,2025-05-25,Phone,Electronics,East,1,30000,0.0318190495822598,29045.43,Net Banking,2025,5,May,Sunday,1,30000,954.571487467794,4356.8144999999995,0.15,3,Low
ORD00243,2025-05-26,Laptop,Electronics,West,7,65000,0.0384004581344396,437527.79,Cash,2025,5,May,Monday,0,455000,17472.208451170016,65629.1685,0.15,4,High
ORD00546,2025-05-26,Laptop,Electronics,East,7,65000,0.1588900885025462,382705.01,UPI,2025,5,May,Monday,0,455000,72294.99026865853,57405.7515,0.15,3,High
ORD00977,2025-05-26,Laptop,Electronics,West,1,65000,0.1033520610974646,58282.12,UPI,2025,5,May,Monday,0,65000,6717.883971335199,8742.318,0.15,4,High
ORD00127,2025-05-26,Laptop,Electronics,North,5,65000,0.0932651468895132,294688.83,UPI,2025,5,May,Monday,0,325000,30311.17273909179,44203.3245,0.15,1,High
ORD00956,2025-05-27,Headphones,Accessories,West,4,3500,0.2142150979791426,11000.99,Cash,2025,5,May,Tuesday,0,14000,2999.011371707996,1650.1485,0.15,4,Low
ORD01151,2025-05-27,Phone,Electronics,East,4,30000,0.0140722032454977,118311.34,UPI,2025,5,May,Tuesday,0,120000,1688.6643894597241,17746.700999999997,0.15,3,High
ORD00184,2025-05-27,Headphones,Accessories,West,7,3500,0.2483857491967118,18414.55,Cash,2025,5,May,Tuesday,0,24500,6085.450855319439,2762.1825,0.15,4,Low
ORD00380,2025-05-27,Phone,Electronics,South,5,30000,0.218228004096771,117265.8,Cash,2025,5,May,Tuesday,0,150000,32734.200614515652,17589.87,0.15,2,High
ORD00096,2025-05-28,Phone,Electronics,East,4,30000,0.0946481968899327,108642.22,Card,2025,5,May,Wednesday,0,120000,11357.783626791925,16296.332999999999,0.15,3,High
ORD00637,2025-05-28,Phone,Electronics,North,7,30000,0.0001420323147361,209970.17,Card,2025,5,May,Wednesday,0,210000,29.826786094581,31495.5255,0.15,1,High
ORD00995,2025-05-28,Tablet,Electronics,East,5,22000,0.1494640083015509,93558.96,UPI,2025,5,May,Wednesday,0,110000,16441.0409131706,14033.844000000001,0.15,3,High
ORD01017,2025-05-29,Phone,Electronics,East,4,30000,0.0285047978336377,116579.42,Cash,2025,5,May,Thursday,0,120000,3420.5757400365237,17486.913,0.15,3,High
ORD00711,2025-05-29,Headphones,Accessories,South,1,3500,0.0027541668460571,3490.36,UPI,2025,5,May,Thursday,0,3500,9.63958396119985,523.554,0.15,2,Low
ORD00396,2025-05-29,Monitor,Electronics,North,2,15000,0.1703323681724227,24890.03,Net Banking,2025,5,May,Thursday,0,30000,5109.9710451726805,3733.5044999999996,0.15,1,Low
ORD00973,2025-05-30,Tablet,Electronics,North,7,22000,0.1256698311990167,134646.85,Card,2025,5,May,Friday,0,154000,19353.15400464857,20197.0275,0.15,1,High
ORD00515,2025-05-30,Monitor,Electronics,West,5,15000,0.0753300894156538,69350.24,UPI,2025,5,May,Friday,0,75000,5649.756706174036,10402.536,0.15,4,High
ORD00934,2025-05-30,Headphones,Accessories,East,3,3500,0.2321315437643322,8062.62,Card,2025,5,May,Friday,0,10500,2437.381209525488,1209.393,0.15,3,Low
ORD00648,2025-05-30,Tablet,Electronics,West,4,22000,0.160390331491088,73885.65,Net Banking,2025,5,May,Friday,0,88000,14114.349171215745,11082.847499999998,0.15,4,High
ORD00402,2025-05-31,Headphones,Accessories,West,6,3500,0.0350138511723726,20264.71,UPI,2025,5,May,Saturday,1,21000,735.2908746198246,3039.7065,0.15,4,Low
ORD01055,2025-05-31,Laptop,Electronics,West,3,65000,0.241550656342044,147897.62,Net Banking,2025,5,May,Saturday,1,195000,47102.37798669858,22184.643,0.15,4,High
ORD00077,2025-05-31,Phone,Electronics,South,5,30000,0.0483020806112826,142754.69,Card,2025,5,May,Saturday,1,150000,7245.31209169239,21413.2035,0.15,2,High
ORD00907,2025-05-31,Tablet,Electronics,North,6,22000,0.1783966524768543,108451.64,Card,2025,5,May,Saturday,1,132000,23548.358126944768,16267.746,0.15,1,High
ORD00930,2025-06-01,Tablet,Electronics,West,3,22000,0.0063012367815405,65584.12,UPI,2025,6,June,Sunday,1,66000,415.881627581673,9837.617999999999,0.15,4,High
ORD00929,2025-06-01,Tablet,Electronics,East,1,22000,0.0224328194353128,21506.48,UPI,2025,6,June,Sunday,1,22000,493.5220275768816,3225.9719999999998,0.15,3,Low
ORD00922,2025-06-01,Tablet,Electronics,South,7,22000,0.0082024998744321,152736.82,Net Banking,2025,6,June,Sunday,1,154000,1263.1849806625435,22910.523,0.15,2,High
ORD00026,2025-06-02,Headphones,Accessories,West,7,3500,0.2225659904559047,19047.13,Cash,2025,6,June,Monday,0,24500,5452.866766169665,2857.0695,0.15,4,Low
ORD00827,2025-06-02,Headphones,Accessories,East,5,3500,0.2025756388183666,13954.93,Cash,2025,6,June,Monday,0,17500,3545.0736793214155,2093.2395,0.15,3,Low
ORD01092,2025-06-02,Tablet,Electronics,South,3,22000,0.1770461216897793,54314.96,Card,2025,6,June,Monday,0,66000,11685.044031525433,8147.244,0.15,2,High
ORD01000,2025-06-03,Tablet,Electronics,Unknown,2,22000,0.1657311128842302,36707.83,Net Banking,2025,6,June,Tuesday,0,44000,7292.168966906129,5506.1745,0.15,0,Low
ORD00504,2025-06-03,Monitor,Electronics,East,2,15000,0.1595558882315842,25213.32,Card,2025,6,June,Tuesday,0,30000,4786.676646947526,3781.9979999999996,0.15,3,Low
ORD00224,2025-06-03,Phone,Electronics,South,5,30000,0.0965853643057954,135512.2,Net Banking,2025,6,June,Tuesday,0,150000,14487.80464586931,20326.83,0.15,2,High
ORD00452,2025-06-04,Monitor,Electronics,West,1,15000,0.068533598422152,13972.0,Cash,2025,6,June,Wednesday,0,15000,1028.00397633228,2095.7999999999997,0.14999999999999997,4,Low
ORD00639,2025-06-04,Headphones,Accessories,West,2,3500,0.1923106453245553,5653.83,Net Banking,2025,6,June,Wednesday,0,7000,1346.174517271887,848.0745,0.15,4,Low
ORD00472,2025-06-06,Monitor,Electronics,North,4,15000,0.1547290952933814,50716.25,Card,2025,6,June,Friday,0,60000,9283.745717602886,7607.4375,0.15,1,High
ORD00649,2025-06-06,Monitor,Electronics,East,4,15000,0.1030646491160187,53816.12,UPI,2025,6,June,Friday,0,60000,6183.878946961122,8072.418,0.15,3,High
ORD01007,2025-06-06,Monitor,Electronics,East,1,15000,0.1795155841585626,12307.27,Card,2025,6,June,Friday,0,15000,2692.733762378439,1846.0905,0.15,3,Low
ORD00904,2025-06-07,Monitor,Electronics,East,1,15000,0.2342268220327384,11486.6,Cash,2025,6,June,Saturday,1,15000,3513.402330491076,1722.99,0.15,3,Low
ORD00916,2025-06-07,Tablet,Electronics,West,2,22000,0.2319171006135554,33795.65,Net Banking,2025,6,June,Saturday,1,44000,10204.352426996436,5069.3475,0.15,4,Low
ORD00884,2025-06-08,Laptop,Electronics,North,5,65000,0.045330364691463,310267.63,Net Banking,2025,6,June,Sunday,1,325000,14732.368524725476,46540.1445,0.15,1,High
ORD00947,2025-06-08,Monitor,Electronics,South,2,15000,0.0235853756599138,29292.44,Net Banking,2025,6,June,Sunday,1,30000,707.561269797414,4393.866,0.15,2,Low
ORD00838,2025-06-08,Laptop,Electronics,North,1,65000,0.0055672051574,64638.13,Unknown,2025,6,June,Sunday,1,65000,361.868335231,9695.7195,0.15,1,High
ORD00251,2025-06-08,Laptop,Electronics,East,3,65000,0.2001459051684625,155971.55,Net Banking,2025,6,June,Sunday,1,195000,39028.451507850186,23395.7325,0.15,3,High
ORD00401,2025-06-09,Monitor,Electronics,East,3,15000,0.2283212959254939,34725.54,UPI,2025,6,June,Monday,0,45000,10274.458316647226,5208.831,0.15,3,Low
ORD01003,2025-06-09,Tablet,Electronics,West,1,22000,0.2236821454286829,17078.99,Cash,2025,6,June,Monday,0,22000,4921.007199431024,2561.8485,0.15,4,Low
ORD00721,2025-06-09,Laptop,Electronics,West,3,65000,0.1235159009154442,170914.4,Card,2025,6,June,Monday,0,195000,24085.60067851162,25637.16,0.15,4,High
ORD00886,2025-06-09,Headphones,Accessories,North,5,3500,0.0658688570473294,16347.3,UPI,2025,6,June,Monday,0,17500,1152.7049983282643,2452.095,0.15,1,Low
ORD00078,2025-06-09,Phone,Electronics,North,6,30000,0.0258208697767624,175352.24,Net Banking,2025,6,June,Monday,0,180000,4647.756559817232,26302.836,0.15,1,High
ORD00284,2025-06-09,Tablet,Electronics,North,1,22000,0.0569919430557956,20746.18,UPI,2025,6,June,Monday,0,22000,1253.8227472275032,3111.927,0.15,1,Low
ORD00829,2025-06-12,Monitor,Electronics,South,4,15000,0.1326102949007697,52043.38,Card,2025,6,June,Thursday,0,60000,7956.617694046182,7806.507,0.15,2,High
ORD00295,2025-06-12,Tablet,Electronics,North,3,22000,0.1070424658772183,58935.2,Net Banking,2025,6,June,Thursday,0,66000,7064.802747896408,8840.279999999999,0.15,1,High
ORD00142,2025-06-12,Phone,Electronics,North,1,30000,0.2027407255599804,23917.78,Card,2025,6,June,Thursday,0,30000,6082.221766799412,3587.667,0.15,1,Low
ORD00734,2025-06-12,Headphones,Accessories,East,7,3500,0.2026299289149493,19535.57,Card,2025,6,June,Thursday,0,24500,4964.433258416258,2930.3354999999997,0.15,3,Low
ORD00372,2025-06-12,Headphones,Accessories,North,3,3500,0.1420418378228411,9008.56,Net Banking,2025,6,June,Thursday,0,10500,1491.4392971398315,1351.2839999999999,0.15,1,Low
ORD00544,2025-06-13,Laptop,Electronics,East,1,65000,0.239628823493863,49424.13,UPI,2025,6,June,Friday,0,65000,15575.873527101096,7413.619499999999,0.15,3,Low
ORD00378,2025-06-14,Headphones,Accessories,North,6,3500,0.2119592168059136,16548.86,Card,2025,6,June,Saturday,1,21000,4451.143552924185,2482.329,0.15,1,Low
ORD00807,2025-06-14,Tablet,Electronics,South,4,22000,0.1223162977076994,77236.17,Card,2025,6,June,Saturday,1,88000,10763.834198277547,11585.4255,0.15,2,High
ORD00864,2025-06-14,Headphones,Accessories,East,6,3500,0.0226754415224921,20523.82,Card,2025,6,June,Saturday,1,21000,476.1842719723341,3078.573,0.15,3,Low
ORD00779,2025-06-15,Phone,Electronics,North,1,30000,0.1835365864402295,24493.9,Card,2025,6,June,Sunday,1,30000,5506.097593206885,3674.085,0.15,1,Low
ORD00510,2025-06-15,Phone,Electronics,North,2,30000,0.0710128276316288,55739.23,Cash,2025,6,June,Sunday,1,60000,4260.769657897728,8360.8845,0.15,1,High
ORD01030,2025-06-16,Phone,Electronics,West,7,30000,0.1634326181442301,175679.15,Net Banking,2025,6,June,Monday,0,210000,34320.849810288324,26351.872499999998,0.15,4,High
ORD00406,2025-06-16,Tablet,Electronics,West,7,22000,0.0690518408641415,143366.02,Card,2025,6,June,Monday,0,154000,10633.98349307779,21504.903,0.15,4,High
ORD00944,2025-06-17,Tablet,Electronics,South,5,22000,0.2015996821989696,87824.03,Cash,2025,6,June,Tuesday,0,110000,22175.965041886655,13173.6045,0.15,2,High
ORD00337,2025-06-17,Monitor,Electronics,East,2,15000,0.1955527988169487,24133.42,UPI,2025,6,June,Tuesday,0,30000,5866.583964508461,3620.0129999999995,0.15,3,Low
ORD00672,2025-06-17,Headphones,Accessories,South,2,3500,0.1099522606201166,6230.33,Card,2025,6,June,Tuesday,0,7000,769.6658243408161,934.5495,0.15,2,Low
ORD00920,2025-06-17,Headphones,Accessories,West,5,3500,0.0600622370699104,16448.91,Net Banking,2025,6,June,Tuesday,0,17500,1051.0891487234321,2467.3365,0.15,4,Low
ORD00785,2025-06-17,Tablet,Electronics,North,5,22000,0.1546651529840794,92986.83,Cash,2025,6,June,Tuesday,0,110000,17013.166828248734,13948.0245,0.15,1,High
ORD00222,2025-06-18,Tablet,Electronics,South,7,22000,0.1207345973679459,135406.87,Net Banking,2025,6,June,Wednesday,0,154000,18593.127994663668,20311.030499999997,0.15,2,High
ORD00413,2025-06-18,Phone,Electronics,North,5,30000,0.1929623358072888,121055.65,Card,2025,6,June,Wednesday,0,150000,28944.350371093322,18158.3475,0.15,1,High
ORD00866,2025-06-18,Headphones,Accessories,West,4,3500,0.232526379812531,10744.63,Cash,2025,6,June,Wednesday,0,14000,3255.369317375434,1611.6944999999998,0.15,4,Low
ORD00318,2025-06-19,Headphones,Accessories,West,1,3500,0.2390116648806572,2663.46,Net Banking,2025,6,June,Thursday,0,3500,836.5408270823002,399.519,0.15,4,Low
ORD00854,2025-06-19,Phone,Electronics,North,7,30000,0.210663655429549,165760.63,Cash,2025,6,June,Thursday,0,210000,44239.367640205295,24864.0945,0.15,1,High
ORD00474,2025-06-19,Tablet,Electronics,West,6,22000,0.03207331462778,127766.32,Cash,2025,6,June,Thursday,0,132000,4233.67753086696,19164.948,0.15,4,High
ORD00913,2025-06-19,Phone,Electronics,South,7,30000,0.0444781220740361,200659.59,UPI,2025,6,June,Thursday,0,210000,9340.40563554758,30098.938499999997,0.15,2,High
ORD00540,2025-06-20,Laptop,Electronics,North,2,65000,0.1948174858937001,104673.73,Card,2025,6,June,Friday,0,130000,25326.273166181014,15701.0595,0.15,1,High
ORD00007,2025-06-20,Laptop,Electronics,South,4,65000,0.1503896131140039,220898.7,Net Banking,2025,6,June,Friday,0,260000,39101.29940964101,33134.805,0.15,2,High
ORD00067,2025-06-20,Monitor,Electronics,South,1,15000,0.0425852984146297,14361.22,Net Banking,2025,6,June,Friday,0,15000,638.7794762194455,2154.183,0.15,2,Low
ORD00612,2025-06-20,Tablet,Electronics,North,5,22000,0.1102406579495091,97873.53,Cash,2025,6,June,Friday,0,110000,12126.472374446,14681.029499999999,0.15,1,High
ORD01142,2025-06-21,Phone,Electronics,West,3,30000,0.0172845406165286,88444.39,Net Banking,2025,6,June,Saturday,1,90000,1555.608655487574,13266.6585,0.15,4,High
ORD01107,2025-06-21,Phone,Electronics,North,3,30000,0.13042855354646,78261.43,Card,2025,6,June,Saturday,1,90000,11738.569819181399,11739.214499999998,0.15,1,High
ORD00969,2025-06-21,Monitor,Electronics,East,7,15000,0.0819519301734965,96395.05,Card,2025,6,June,Saturday,1,105000,8604.952668217133,14459.2575,0.15,3,High
ORD00554,2025-06-22,Phone,Electronics,South,3,30000,0.2029380928048162,71735.57,UPI,2025,6,June,Sunday,1,90000,18264.428352433457,10760.335500000001,0.15,2,High
ORD01192,2025-06-22,Phone,Electronics,West,2,30000,0.1890188206070594,48658.87,Cash,2025,6,June,Sunday,1,60000,11341.129236423565,7298.8305,0.15,4,Low
ORD00691,2025-06-22,Monitor,Electronics,South,2,15000,0.0569669466382084,28290.99,UPI,2025,6,June,Sunday,1,30000,1709.008399146252,4243.6485,0.15,2,Low
ORD01072,2025-06-22,Phone,Electronics,West,3,30000,0.1531098323132954,76220.12,UPI,2025,6,June,Sunday,1,90000,13779.884908196585,11433.017999999998,0.15,4,High
ORD00548,2025-06-22,Tablet,Electronics,East,3,22000,0.1329032296738598,57228.39,UPI,2025,6,June,Sunday,1,66000,8771.613158474747,8584.2585,0.15,3,High
ORD00761,2025-06-23,Laptop,Electronics,North,6,65000,0.1536841860470722,330063.17,Card,2025,6,June,Monday,0,390000,59936.83255835816,49509.47549999999,0.15,1,High
ORD00831,2025-06-23,Phone,Electronics,East,4,30000,0.0054578479114529,119345.06,Card,2025,6,June,Monday,0,120000,654.941749374348,17901.759,0.15,3,High
ORD00347,2025-06-23,Monitor,Electronics,East,5,15000,0.060231779103578,70482.62,Cash,2025,6,June,Monday,0,75000,4517.38343276835,10572.392999999998,0.15,3,High
ORD01057,2025-06-23,Tablet,Electronics,South,6,22000,0.2274493941293861,101976.68,Cash,2025,6,June,Monday,0,132000,30023.320025078967,15296.501999999999,0.15,2,High
ORD00333,2025-06-23,Phone,Electronics,North,7,30000,0.1375599229770644,181112.42,Net Banking,2025,6,June,Monday,0,210000,28887.583825183523,27166.863,0.15,1,High
ORD00095,2025-06-25,Monitor,Electronics,South,7,15000,0.0864327014406581,95924.57,UPI,2025,6,June,Wednesday,0,105000,9075.4336512691,14388.685500000001,0.15,2,High
ORD00090,2025-06-25,Monitor,Electronics,East,5,15000,0.1419835576071231,64351.23,UPI,2025,6,June,Wednesday,0,75000,10648.766820534234,9652.6845,0.15,3,High
ORD01009,2025-06-26,Headphones,Accessories,West,2,3500,0.0390728304902437,6726.49,Card,2025,6,June,Thursday,0,7000,273.50981343170594,1008.9735,0.15,4,Low
ORD00579,2025-06-27,Monitor,Electronics,North,3,15000,0.0865159557261836,41106.78,Card,2025,6,June,Friday,0,45000,3893.2180076782624,6166.017,0.15,1,Low
ORD00030,2025-06-27,Tablet,Electronics,South,3,22000,0.014871673045835,65018.47,Cash,2025,6,June,Friday,0,66000,981.53042102511,9752.7705,0.15,2,High
ORD00975,2025-06-29,Laptop,Electronics,South,2,65000,0.0879824857557415,118562.28,UPI,2025,6,June,Sunday,1,130000,11437.723148246394,17784.342,0.15,2,High
ORD00409,2025-06-29,Monitor,Electronics,East,2,15000,0.1074892624750119,26775.32,Card,2025,6,June,Sunday,1,30000,3224.677874250357,4016.298,0.15,3,Low
ORD00530,2025-06-29,Monitor,Electronics,South,1,15000,0.099109058841203,13513.36,Net Banking,2025,6,June,Sunday,1,15000,1486.635882618045,2027.004,0.15,2,Low
ORD00804,2025-06-29,Monitor,Electronics,West,4,15000,0.1626986474294341,50238.08,Card,2025,6,June,Sunday,1,60000,9761.918845766046,7535.7119999999995,0.15,4,High
ORD00426,2025-06-29,Laptop,Electronics,West,7,65000,0.1867689501574715,370020.13,Cash,2025,6,June,Sunday,1,455000,84979.87232164953,55503.0195,0.15,4,High
ORD00432,2025-06-30,Headphones,Accessories,East,7,3500,0.2154536044540035,19221.39,Card,2025,6,June,Monday,0,24500,5278.613309123086,2883.2084999999997,0.15,3,Low
ORD00875,2025-06-30,Headphones,Accessories,South,5,3500,0.0974723672181522,15794.23,Net Banking,2025,6,June,Monday,0,17500,1705.7664263176634,2369.1344999999997,0.15,2,Low
ORD00083,2025-07-01,Laptop,Electronics,North,3,65000,0.1078797509218386,173963.45,Cash,2025,7,July,Tuesday,0,195000,21036.55142975853,26094.5175,0.15,1,High
ORD00393,2025-07-01,Phone,Electronics,South,3,30000,0.2373233807523143,68640.9,Cash,2025,7,July,Tuesday,0,90000,21359.104267708288,10296.134999999998,0.15,2,High
ORD01173,2025-07-01,Phone,Electronics,West,1,30000,0.0763701530927925,27708.9,Cash,2025,7,July,Tuesday,0,30000,2291.1045927837754,4156.335,0.15,4,Low
ORD00589,2025-07-01,Monitor,Electronics,North,4,15000,0.2141024076639348,47153.86,Net Banking,2025,7,July,Tuesday,0,60000,12846.144459836087,7073.079,0.15,1,Low
ORD00464,2025-07-01,Tablet,Electronics,North,4,22000,0.0527335971221782,83359.44,Cash,2025,7,July,Tuesday,0,88000,4640.556546751682,12503.916,0.15,1,High
ORD00207,2025-07-01,Headphones,Accessories,East,3,3500,0.2410932987228697,7968.52,Net Banking,2025,7,July,Tuesday,0,10500,2531.4796365901316,1195.278,0.15,3,Low
ORD00200,2025-07-01,Monitor,Electronics,North,3,15000,0.099308325368206,40531.13,Card,2025,7,July,Tuesday,0,45000,4468.874641569269,6079.669499999999,0.15,1,Low
ORD00547,2025-07-01,Tablet,Electronics,East,7,22000,0.1859986806737477,125356.2,Net Banking,2025,7,July,Tuesday,0,154000,28643.796823757144,18803.43,0.15,3,High
ORD00698,2025-07-01,Tablet,Electronics,West,7,22000,0.0687577601575632,143411.3,Net Banking,2025,7,July,Tuesday,0,154000,10588.695064264733,21511.694999999996,0.15,4,High
ORD00304,2025-07-02,Monitor,Electronics,East,3,15000,0.1062704418785328,40217.83,Cash,2025,7,July,Wednesday,0,45000,4782.169884533976,6032.6745,0.15,3,Low
ORD00552,2025-07-02,Phone,Electronics,West,7,30000,0.0503837438480958,199419.41,Card,2025,7,July,Wednesday,0,210000,10580.586208100118,29912.9115,0.15,4,High
ORD00025,2025-07-02,Headphones,Accessories,South,3,3500,0.0429900879842557,10048.6,Cash,2025,7,July,Wednesday,0,10500,451.3959238346849,1507.29,0.15,2,Low
ORD00634,2025-07-03,Phone,Electronics,East,1,30000,0.0452211075805225,28643.37,Cash,2025,7,July,Thursday,0,30000,1356.633227415675,4296.505499999999,0.15,3,Low
ORD01150,2025-07-04,Monitor,Electronics,South,4,15000,0.0059391266142966,59643.65,Net Banking,2025,7,July,Friday,0,60000,356.347596857796,8946.5475,0.15,2,High
ORD00733,2025-07-04,Monitor,Electronics,East,6,15000,0.1941621089721789,72525.41,Card,2025,7,July,Friday,0,90000,17474.5898074961,10878.8115,0.15,3,High
ORD00162,2025-07-04,Headphones,Accessories,North,1,3500,0.0941835019687191,3170.36,Cash,2025,7,July,Friday,0,3500,329.6422568905168,475.554,0.15,1,Low
ORD00715,2025-07-05,Monitor,Electronics,West,3,15000,0.0375098945620525,43312.05,UPI,2025,7,July,Saturday,1,45000,1687.9452552923624,6496.8075,0.15,4,Low
ORD00613,2025-07-05,Headphones,Accessories,West,5,3500,0.1857265774645205,14249.78,UPI,2025,7,July,Saturday,1,17500,3250.215105629109,2137.467,0.15,4,Low
ORD00282,2025-07-05,Tablet,Electronics,South,1,22000,0.0167064386753657,21632.46,UPI,2025,7,July,Saturday,1,22000,367.54165085804544,3244.8689999999997,0.15,2,Low
ORD00280,2025-07-06,Laptop,Electronics,South,3,65000,0.1194866451849577,171700.1,Card,2025,7,July,Sunday,1,195000,23299.89581106675,25755.015,0.15,2,High
ORD00642,2025-07-06,Monitor,Electronics,North,1,15000,0.1424957258985082,12862.56,UPI,2025,7,July,Sunday,1,15000,2137.435888477623,1929.3839999999998,0.15,1,Low
ORD00580,2025-07-06,Laptop,Electronics,South,5,65000,0.1169131131125531,287003.24,Card,2025,7,July,Sunday,1,325000,37996.76176157976,43050.486,0.15,2,High
ORD00265,2025-07-07,Monitor,Electronics,East,6,15000,0.1632979712557046,75303.18,Card,2025,7,July,Monday,0,90000,14696.817413013416,11295.476999999999,0.15,3,High
ORD00756,2025-07-07,Tablet,Electronics,West,3,22000,0.2426775402990532,49983.28,UPI,2025,7,July,Monday,0,66000,16016.717659737511,7497.491999999999,0.15,4,Low
ORD01061,2025-07-07,Headphones,Accessories,South,1,3500,0.174579601967147,2888.97,Cash,2025,7,July,Monday,0,3500,611.0286068850145,433.34549999999996,0.15,2,Low
ORD01025,2025-07-08,Monitor,Electronics,North,3,15000,0.2245938459848436,34893.28,Net Banking,2025,7,July,Tuesday,0,45000,10106.723069317963,5233.991999999999,0.15,1,Low
ORD00659,2025-07-08,Laptop,Electronics,East,4,65000,0.062608271682972,243721.85,UPI,2025,7,July,Tuesday,0,260000,16278.150637572722,36558.2775,0.15,3,High
ORD00328,2025-07-08,Laptop,Electronics,East,1,65000,0.1196012315216694,57225.92,UPI,2025,7,July,Tuesday,0,65000,7774.080048908511,8583.887999999999,0.15,3,High
ORD00641,2025-07-08,Headphones,Accessories,Unknown,3,3500,0.0080372719507125,10415.61,Card,2025,7,July,Tuesday,0,10500,84.39135548248126,1562.3415,0.15,0,Low
ORD00148,2025-07-09,Phone,Electronics,East,5,30000,0.0924960919617994,136125.59,Card,2025,7,July,Wednesday,0,150000,13874.41379426991,20418.838499999998,0.15,3,High
ORD01110,2025-07-09,Laptop,Electronics,South,4,65000,0.2245300201252736,201622.19,Cash,2025,7,July,Wednesday,0,260000,58377.80523257113,30243.3285,0.15,2,High
ORD00285,2025-07-09,Tablet,Electronics,South,3,22000,0.1594022450572624,55479.45,UPI,2025,7,July,Wednesday,0,66000,10520.548173779318,8321.9175,0.15,2,High
ORD00192,2025-07-10,Headphones,Accessories,North,4,3500,0.2093689359469442,11068.83,Card,2025,7,July,Thursday,0,14000,2931.1651032572186,1660.3245,0.15,1,Low
ORD00833,2025-07-10,Tablet,Electronics,South,1,22000,0.0862078148497094,20103.43,Cash,2025,7,July,Thursday,0,22000,1896.5719266936067,3015.5144999999998,0.15,2,Low
ORD00859,2025-07-10,Headphones,Accessories,South,3,3500,0.0327303280366247,10156.33,Cash,2025,7,July,Thursday,0,10500,343.66844438455934,1523.4495,0.15,2,Low
ORD00877,2025-07-10,Tablet,Electronics,South,4,22000,0.2441317666037864,66516.4,Cash,2025,7,July,Thursday,0,88000,21483.595461133205,9977.46,0.15,2,High
ORD00470,2025-07-10,Monitor,Electronics,North,6,15000,0.2168558848706459,70482.97,Card,2025,7,July,Thursday,0,90000,19517.02963835813,10572.4455,0.15,1,High
ORD00405,2025-07-10,Tablet,Electronics,West,1,22000,0.0588140971039112,20706.09,UPI,2025,7,July,Thursday,0,22000,1293.9101362860465,3105.9135,0.15,4,Low
ORD00720,2025-07-11,Tablet,Electronics,East,4,22000,0.2382870949781314,67030.74,Card,2025,7,July,Friday,0,88000,20969.26435807556,10054.611,0.15,3,High
ORD01115,2025-07-11,Laptop,Electronics,East,2,65000,0.0880301184813834,118556.08,UPI,2025,7,July,Friday,0,130000,11443.915402579842,17783.412,0.15,3,High
ORD00927,2025-07-11,Tablet,Electronics,South,3,22000,0.0847519351507197,60406.37,Card,2025,7,July,Friday,0,66000,5593.6277199475,9060.9555,0.15,2,High
ORD00635,2025-07-11,Laptop,Electronics,West,3,65000,0.054229030701447,184425.34,Net Banking,2025,7,July,Friday,0,195000,10574.660986782166,27663.801,0.15,4,High
ORD00924,2025-07-11,Laptop,Electronics,West,5,65000,0.0482354341233705,309323.48,Cash,2025,7,July,Friday,0,325000,15676.516090095412,46398.522,0.15,4,High
ORD00717,2025-07-11,Tablet,Electronics,East,2,22000,0.1649965610592785,36740.15,Cash,2025,7,July,Friday,0,44000,7259.848686608255,5511.0225,0.15,3,Low
ORD00290,2025-07-12,Tablet,Electronics,West,4,22000,0.1188902933082337,77537.65,UPI,2025,7,July,Saturday,1,88000,10462.345811124565,11630.6475,0.15,4,High
ORD00793,2025-07-12,Headphones,Accessories,West,3,3500,0.0849339869372576,9608.19,Cash,2025,7,July,Saturday,1,10500,891.8068628412047,1441.2285,0.15,4,Low
ORD00013,2025-07-12,Headphones,Accessories,East,4,3500,0.140305766972511,12035.72,Cash,2025,7,July,Saturday,1,14000,1964.2807376151538,1805.358,0.15,3,Low
ORD00759,2025-07-12,Laptop,Electronics,South,5,65000,0.212447299451259,255954.63,Net Banking,2025,7,July,Saturday,1,325000,69045.37232165918,38393.1945,0.15,2,High
ORD00120,2025-07-12,Laptop,Electronics,South,3,65000,0.2130363342672954,153457.91,UPI,2025,7,July,Saturday,1,195000,41542.0851821226,23018.6865,0.15,2,High
ORD00425,2025-07-12,Tablet,Electronics,West,4,22000,0.0988086634397235,79304.84,Net Banking,2025,7,July,Saturday,1,88000,8695.162382695667,11895.725999999999,0.15,4,High
ORD00036,2025-07-12,Laptop,Electronics,North,3,65000,0.0247892426497035,190166.1,UPI,2025,7,July,Saturday,1,195000,4833.9023166921825,28524.915,0.15,1,High
ORD00267,2025-07-12,Tablet,Electronics,East,5,22000,0.1086899367022615,98044.11,Cash,2025,7,July,Saturday,1,110000,11955.893037248765,14706.6165,0.15,3,High
ORD00958,2025-07-13,Headphones,Accessories,West,5,3500,0.0689809605102033,16292.83,UPI,2025,7,July,Sunday,1,17500,1207.1668089285579,2443.9245,0.15,4,Low
ORD00676,2025-07-13,Headphones,Accessories,West,1,3500,0.1996120862070144,2801.36,Cash,2025,7,July,Sunday,1,3500,698.6423017245504,420.204,0.15,4,Low
ORD00797,2025-07-14,Monitor,Electronics,North,4,15000,0.0712806001037971,55723.16,Cash,2025,7,July,Monday,0,60000,4276.836006227826,8358.474,0.15,1,High
ORD00604,2025-07-14,Laptop,Electronics,South,2,65000,0.1733851173966799,107459.93,Net Banking,2025,7,July,Monday,0,130000,22540.065261568387,16118.989499999998,0.15,2,High
ORD00705,2025-07-14,Laptop,Electronics,West,3,65000,0.1516415837988574,165429.89,Cash,2025,7,July,Monday,0,195000,29570.108840777193,24814.483500000002,0.15,4,High
ORD00685,2025-07-14,Laptop,Electronics,South,5,65000,0.0833874816195888,297899.07,Net Banking,2025,7,July,Monday,0,325000,27100.93152636636,44684.8605,0.15,2,High
ORD01026,2025-07-14,Laptop,Electronics,West,5,65000,0.0633269001764109,304418.76,Net Banking,2025,7,July,Monday,0,325000,20581.242557333546,45662.814,0.15,4,High
ORD00019,2025-07-14,Monitor,Electronics,West,6,15000,0.1691630956274094,74775.32,Card,2025,7,July,Monday,0,90000,15224.678606466845,11216.298,0.15,4,High
ORD00218,2025-07-14,Laptop,Electronics,North,4,65000,0.1358738987699651,224672.79,Card,2025,7,July,Monday,0,260000,35327.21368019093,33700.9185,0.15,1,High
ORD00909,2025-07-15,Phone,Electronics,North,2,30000,0.0853845655504057,54876.93,Cash,2025,7,July,Tuesday,0,60000,5123.073933024342,8231.539499999999,0.14999999999999997,1,High
ORD00261,2025-07-16,Headphones,Accessories,North,6,3500,0.1926933034163425,16953.44,Cash,2025,7,July,Wednesday,0,21000,4046.5593717431925,2543.0159999999996,0.15,1,Low
ORD00959,2025-07-16,Monitor,Electronics,South,6,15000,0.1035443803981676,80681.01,Net Banking,2025,7,July,Wednesday,0,90000,9318.994235835084,12102.151499999998,0.15,2,High
ORD00088,2025-07-16,Phone,Electronics,South,2,30000,0.0823156148994423,55061.06,UPI,2025,7,July,Wednesday,0,60000,4938.936893966537,8259.159,0.15,2,High
ORD01095,2025-07-16,Phone,Electronics,West,6,30000,0.0747812860416305,166539.37,UPI,2025,7,July,Wednesday,0,180000,13460.631487493489,24980.905499999997,0.15,4,High
ORD00517,2025-07-16,Monitor,Electronics,South,5,15000,0.0842141359583171,68683.94,Cash,2025,7,July,Wednesday,0,75000,6316.060196873783,10302.591,0.15,2,High
ORD00776,2025-07-16,Monitor,Electronics,West,1,15000,0.0548948980505228,14176.58,Card,2025,7,July,Wednesday,0,15000,823.423470757842,2126.487,0.15,4,Low
ORD00781,2025-07-16,Monitor,Electronics,West,5,15000,0.2148902833547245,58883.23,Net Banking,2025,7,July,Wednesday,0,75000,16116.771251604336,8832.4845,0.15,4,High
ORD00112,2025-07-16,Headphones,Accessories,South,3,3500,0.2309751001363574,8074.76,UPI,2025,7,July,Wednesday,0,10500,2425.2385514317525,1211.214,0.15,2,Low
ORD00021,2025-07-16,Tablet,Electronics,South,5,22000,0.0002668662556868,109970.64,Card,2025,7,July,Wednesday,0,110000,29.355288125548,16495.595999999998,0.14999999999999997,2,High
ORD00028,2025-07-16,Monitor,Electronics,East,7,15000,0.1190229391696651,92502.59,Net Banking,2025,7,July,Wednesday,0,105000,12497.408612814836,13875.3885,0.15,3,High
ORD00595,2025-07-18,Phone,Electronics,West,4,30000,0.2274491556833084,92706.1,UPI,2025,7,July,Friday,0,120000,27293.89868199701,13905.915,0.15,4,High
ORD00350,2025-07-18,Laptop,Electronics,East,1,65000,0.0682010825364589,60566.93,Net Banking,2025,7,July,Friday,0,65000,4433.070364869828,9085.039499999999,0.15,3,High
ORD00885,2025-07-18,Monitor,Electronics,Unknown,1,15000,0.1687031881014674,12469.45,Cash,2025,7,July,Friday,0,15000,2530.547821522011,1870.4175,0.15,0,Low
ORD01132,2025-07-18,Headphones,Accessories,West,7,3500,0.0941838195521366,22192.5,UPI,2025,7,July,Friday,0,24500,2307.503579027347,3328.875,0.15,4,Low
ORD00989,2025-07-18,Phone,Electronics,South,4,30000,0.0658623285892264,112096.52,UPI,2025,7,July,Friday,0,120000,7903.479430707168,16814.478,0.15,2,High
ORD00302,2025-07-18,Monitor,Electronics,North,2,15000,0.2401467406266562,22795.6,UPI,2025,7,July,Friday,0,30000,7204.402218799686,3419.3399999999997,0.15,1,Low
ORD00467,2025-07-18,Laptop,Electronics,South,6,65000,0.2120951885152702,307282.88,Cash,2025,7,July,Friday,0,390000,82717.12352095539,46092.432,0.15,2,High
ORD00865,2025-07-19,Monitor,Electronics,West,5,15000,0.1059137801376512,67056.47,Net Banking,2025,7,July,Saturday,1,75000,7943.533510323839,10058.4705,0.15,4,High
ORD00301,2025-07-20,Phone,Electronics,South,4,30000,0.1679635471535168,99844.37,Net Banking,2025,7,July,Sunday,1,120000,20155.625658422017,14976.655499999999,0.15,2,High
ORD00966,2025-07-20,Tablet,Electronics,West,7,22000,0.0675852426319097,143591.87,Cash,2025,7,July,Sunday,1,154000,10408.127365314092,21538.780499999997,0.15,4,High
ORD00970,2025-07-20,Laptop,Electronics,East,7,65000,0.1256280123337865,397839.25,Cash,2025,7,July,Sunday,1,455000,57160.74561187286,59675.8875,0.15,3,High
ORD00311,2025-07-20,Headphones,Accessories,South,3,3500,0.0327887922961774,10155.72,Card,2025,7,July,Sunday,1,10500,344.28231910986267,1523.358,0.15,2,Low
ORD01176,2025-07-20,Phone,Electronics,South,7,30000,0.0374853694835151,202128.07,UPI,2025,7,July,Sunday,1,210000,7871.927591538171,30319.2105,0.15,2,High
ORD01188,2025-07-20,Tablet,Electronics,North,7,22000,0.0112200806190691,152272.11,Net Banking,2025,7,July,Sunday,1,154000,1727.8924153366415,22840.816499999997,0.15,1,High
ORD00238,2025-07-20,Tablet,Electronics,South,5,22000,0.1289389190720128,95816.72,Net Banking,2025,7,July,Sunday,1,110000,14183.281097921408,14372.508,0.15,2,High
ORD00669,2025-07-21,Monitor,Electronics,South,1,15000,0.1321354322356132,13017.97,Cash,2025,7,July,Monday,0,15000,1982.0314835341978,1952.6954999999998,0.15,2,Low
ORD00194,2025-07-21,Phone,Electronics,North,6,30000,0.0149560843293247,177307.9,Card,2025,7,July,Monday,0,180000,2692.095179278446,26596.184999999998,0.15,1,High
ORD00014,2025-07-22,Headphones,Accessories,East,7,3500,0.0963423702142757,22139.61,UPI,2025,7,July,Tuesday,0,24500,2360.388070249755,3320.9415,0.15,3,Low
ORD01043,2025-07-22,Tablet,Electronics,East,4,22000,0.0922195951843676,79884.68,Cash,2025,7,July,Tuesday,0,88000,8115.324376224349,11982.702,0.15,3,High
ORD00755,2025-07-22,Tablet,Electronics,East,7,22000,0.2264755547044445,119122.76,Cash,2025,7,July,Tuesday,0,154000,34877.235424484454,17868.413999999997,0.15,3,High
ORD00666,2025-07-22,Headphones,Accessories,North,3,3500,0.2149926359254015,8242.58,Cash,2025,7,July,Tuesday,0,10500,2257.422677216716,1236.387,0.15,1,Low
ORD00123,2025-07-22,Headphones,Accessories,West,4,3500,0.0013682772086568,13980.84,Net Banking,2025,7,July,Tuesday,0,14000,19.155880921195198,2097.1259999999997,0.14999999999999997,4,Low
ORD00437,2025-07-23,Tablet,Electronics,West,2,22000,0.100838600812282,39563.1,UPI,2025,7,July,Wednesday,0,44000,4436.898435740408,5934.464999999999,0.15,4,Low
ORD00344,2025-07-23,Tablet,Electronics,East,4,22000,0.0440888941044503,84120.18,Net Banking,2025,7,July,Wednesday,0,88000,3879.8226811916265,12618.026999999998,0.15,3,High
ORD00619,2025-07-23,Laptop,Electronics,South,1,65000,0.1247985563555558,56888.09,Cash,2025,7,July,Wednesday,0,65000,8111.906163111127,8533.2135,0.15,2,High
ORD00832,2025-07-23,Phone,Electronics,North,2,30000,0.1287833442115472,52273.0,Cash,2025,7,July,Wednesday,0,60000,7727.000652692832,7840.95,0.15,1,High
ORD00936,2025-07-23,Monitor,Electronics,South,5,15000,0.1329559639444835,65028.3,Cash,2025,7,July,Wednesday,0,75000,9971.697295836262,9754.245,0.15,2,High
ORD00640,2025-07-23,Monitor,Electronics,South,4,15000,0.1833666106999589,48998.0,Card,2025,7,July,Wednesday,0,60000,11001.996641997535,7349.7,0.15,2,Low
ORD00454,2025-07-24,Laptop,Electronics,East,5,65000,0.033759524014059,314028.15,Card,2025,7,July,Thursday,0,325000,10971.845304569177,47104.2225,0.15,3,High
ORD00609,2025-07-24,Monitor,Electronics,North,1,15000,0.1022587830114324,13466.12,UPI,2025,7,July,Thursday,0,15000,1533.881745171486,2019.9180000000001,0.15,1,Low
ORD00531,2025-07-25,Tablet,Electronics,North,6,22000,0.2362870719176931,100810.11,Cash,2025,7,July,Friday,0,132000,31189.89349313549,15121.5165,0.15,1,High
ORD00999,2025-07-25,Monitor,Electronics,South,4,15000,0.064639294537185,56121.64,Cash,2025,7,July,Friday,0,60000,3878.3576722311004,8418.246,0.15,2,High
ORD01066,2025-07-25,Phone,Electronics,South,1,30000,0.03164094803099,29050.77,Card,2025,7,July,Friday,0,30000,949.2284409296999,4357.6155,0.15,2,Low
ORD01190,2025-07-25,Laptop,Electronics,North,7,65000,0.01796554146024,446825.68,Card,2025,7,July,Friday,0,455000,8174.3213644092,67023.852,0.15,1,High
ORD00244,2025-07-25,Headphones,Accessories,South,4,3500,0.0158321196756395,13778.35,Cash,2025,7,July,Friday,0,14000,221.64967545895303,2066.7525,0.15,2,Low
ORD00516,2025-07-26,Laptop,Electronics,South,7,65000,0.1925482783844637,367390.53,Card,2025,7,July,Saturday,1,455000,87609.46666493098,55108.5795,0.15,2,High
ORD00719,2025-07-26,Phone,Electronics,North,4,30000,0.1498567021449838,102017.2,UPI,2025,7,July,Saturday,1,120000,17982.804257398057,15302.579999999998,0.15,1,High
ORD00543,2025-07-26,Laptop,Electronics,South,4,65000,0.0067955333743962,258233.16,Net Banking,2025,7,July,Saturday,1,260000,1766.838677343012,38734.974,0.15,2,High
ORD00527,2025-07-26,Monitor,Electronics,North,7,15000,0.087068970865364,95857.76,UPI,2025,7,July,Saturday,1,105000,9142.24194086322,14378.663999999999,0.15,1,High
ORD00399,2025-07-27,Phone,Electronics,East,6,30000,0.2029970503776362,143460.53,UPI,2025,7,July,Sunday,1,180000,36539.46906797452,21519.0795,0.15,3,High
ORD01020,2025-07-27,Laptop,Electronics,South,2,65000,0.0786793618663408,119771.68,Cash,2025,7,July,Sunday,1,130000,10228.317042624303,17965.751999999997,0.15,2,High
ORD00709,2025-07-27,Tablet,Electronics,North,1,22000,0.2006880625530539,17584.86,UPI,2025,7,July,Sunday,1,22000,4415.137376167186,2637.729,0.15,1,Low
ORD00985,2025-07-27,Tablet,Electronics,West,5,22000,0.1316150226587534,95522.35,Cash,2025,7,July,Sunday,1,110000,14477.652492462876,14328.3525,0.15,4,High
ORD00815,2025-07-28,Headphones,Accessories,South,5,3500,0.1035884429985903,15687.2,Net Banking,2025,7,July,Monday,0,17500,1812.7977524753303,2353.08,0.15,2,Low
ORD00450,2025-07-28,Phone,Electronics,North,6,30000,0.2006801513220914,143877.57,Cash,2025,7,July,Monday,0,180000,36122.42723797645,21581.6355,0.15,1,High
ORD00092,2025-07-28,Monitor,Electronics,West,7,15000,0.1646883524541752,87707.72,Net Banking,2025,7,July,Monday,0,105000,17292.277007688397,13156.158,0.15,4,High
ORD00486,2025-07-29,Phone,Electronics,West,4,30000,0.059584632340515,112849.84,Cash,2025,7,July,Tuesday,0,120000,7150.155880861799,16927.476,0.15,4,High
ORD00177,2025-07-29,Headphones,Accessories,East,7,3500,0.1629173669837485,20508.52,Cash,2025,7,July,Tuesday,0,24500,3991.4754911018385,3076.278,0.15,3,Low
ORD01138,2025-07-29,Phone,Electronics,West,6,30000,0.0923929015891894,163369.28,Cash,2025,7,July,Tuesday,0,180000,16630.722286054093,24505.392,0.15,4,High
ORD00680,2025-07-29,Monitor,Electronics,East,1,15000,0.140194343640503,12897.08,UPI,2025,7,July,Tuesday,0,15000,2102.915154607545,1934.562,0.15,3,Low
ORD00538,2025-07-29,Laptop,Electronics,West,1,65000,0.0539811976078165,61491.22,Cash,2025,7,July,Tuesday,0,65000,3508.7778445080726,9223.682999999999,0.15,4,High
ORD01063,2025-07-30,Laptop,Electronics,West,1,65000,0.1145940727903781,57551.39,Net Banking,2025,7,July,Wednesday,0,65000,7448.614731374577,8632.708499999999,0.15,4,High
ORD00792,2025-07-31,Tablet,Electronics,West,4,22000,0.168548798111204,73167.71,UPI,2025,7,July,Thursday,0,88000,14832.294233785951,10975.156500000001,0.15,4,High
ORD00777,2025-07-31,Tablet,Electronics,East,7,22000,0.1159805715275125,136138.99,UPI,2025,7,July,Thursday,0,154000,17861.008015236923,20420.848499999996,0.15,3,High
ORD00550,2025-08-01,Headphones,Accessories,East,6,3500,0.1123830602808802,18639.96,Net Banking,2025,8,August,Friday,0,21000,2360.0442658984844,2795.9939999999997,0.15,3,Low
ORD00563,2025-08-01,Tablet,Electronics,South,1,22000,0.0529430408665775,20835.25,Cash,2025,8,August,Friday,0,22000,1164.746899064705,3125.2875,0.15,2,Low
ORD00568,2025-08-01,Phone,Electronics,North,4,30000,0.0185144208422683,117778.27,Card,2025,8,August,Friday,0,120000,2221.730501072196,17666.7405,0.15,1,High
ORD00098,2025-08-01,Headphones,Accessories,West,5,3500,0.0415156581034932,16773.48,UPI,2025,8,August,Friday,0,17500,726.524016811131,2516.022,0.15,4,Low
ORD00272,2025-08-02,Laptop,Electronics,West,5,65000,0.0469758947591191,309732.83,Net Banking,2025,8,August,Saturday,1,325000,15267.165796713707,46459.9245,0.15,4,High
ORD00100,2025-08-02,Laptop,Electronics,North,1,65000,0.09727417788052,58677.18,Net Banking,2025,8,August,Saturday,1,65000,6322.821562233799,8801.577,0.15,1,High
ORD00447,2025-08-02,Phone,Electronics,South,3,30000,0.0723574268770162,83487.83,Cash,2025,8,August,Saturday,1,90000,6512.168418931458,12523.1745,0.15,2,High
ORD00066,2025-08-02,Phone,Electronics,South,1,30000,0.2015477413611813,23953.57,Cash,2025,8,August,Saturday,1,30000,6046.432240835439,3593.0355,0.15,2,Low
ORD01056,2025-08-03,Monitor,Electronics,North,5,15000,0.1304950285295126,65212.87,Card,2025,8,August,Sunday,1,75000,9787.127139713446,9781.9305,0.15,1,High
ORD00892,2025-08-03,Headphones,Accessories,South,3,3500,0.11944941878910015,8261.87,Card,2025,8,August,Sunday,1,10500,1254.2188972855515,1239.2805,0.15,2,Low
ORD00074,2025-08-03,Laptop,Electronics,Unknown,5,65000,0.1461881757012341,277488.84,Net Banking,2025,8,August,Sunday,1,325000,47511.15710290108,41623.326,0.15,0,High
ORD00895,2025-08-03,Headphones,Accessories,East,2,3500,0.2250228195359206,5424.84,Card,2025,8,August,Sunday,1,7000,1575.1597367514441,813.726,0.15,3,Low
ORD00727,2025-08-03,Headphones,Accessories,West,3,3500,0.088053123391281,9575.44,Unknown,2025,8,August,Sunday,1,10500,924.5577956084505,1436.316,0.15,4,Low
ORD00463,2025-08-03,Headphones,Accessories,North,2,3500,0.195726318542931,5629.92,Card,2025,8,August,Sunday,1,7000,1370.0842298005168,844.4879999999999,0.15,1,Low
ORD00731,2025-08-04,Headphones,Accessories,East,1,3500,0.1610023503624671,2936.49,Card,2025,8,August,Monday,0,3500,563.5082262686349,440.47349999999994,0.15,3,Low
ORD01052,2025-08-04,Phone,Electronics,South,4,30000,0.1929651352109814,96844.18,UPI,2025,8,August,Monday,0,120000,23155.81622531777,14526.626999999999,0.15,2,High
ORD00138,2025-08-04,Laptop,Electronics,East,3,65000,0.1485681735753949,166029.21,Card,2025,8,August,Monday,0,195000,28970.793847202003,24904.3815,0.15,3,High
ORD00136,2025-08-05,Phone,Electronics,North,7,30000,0.2139105304256008,165078.79,UPI,2025,8,August,Tuesday,0,210000,44921.21138937616,24761.8185,0.15,1,High
ORD01015,2025-08-05,Tablet,Electronics,South,1,22000,0.2305894096365008,16927.03,UPI,2025,8,August,Tuesday,0,22000,5072.967012003018,2539.0544999999997,0.15,2,Low
ORD00671,2025-08-05,Monitor,Electronics,North,1,15000,0.0758005191586479,13862.99,UPI,2025,8,August,Tuesday,0,15000,1137.0077873797184,2079.4485,0.15,1,Low
ORD01128,2025-08-05,Headphones,Accessories,North,2,3500,0.0495294353530226,6653.29,Card,2025,8,August,Tuesday,0,7000,346.70604747115823,997.9934999999999,0.15,1,Low
ORD01062,2025-08-05,Headphones,Accessories,North,7,3500,0.2466779781120499,18456.39,Cash,2025,8,August,Tuesday,0,24500,6043.610463745223,2768.4584999999997,0.15,1,Low
ORD00128,2025-08-05,Headphones,Accessories,West,1,3500,0.1412694776576764,3005.56,Cash,2025,8,August,Tuesday,0,3500,494.4431718018674,450.834,0.15,4,Low
ORD00002,2025-08-06,Headphones,Accessories,West,4,3500,0.1377271921226007,12071.82,Card,2025,8,August,Wednesday,0,14000,1928.18068971641,1810.773,0.15,4,Low
ORD00808,2025-08-06,Laptop,Electronics,West,2,65000,0.0354097419932262,125396.73,UPI,2025,8,August,Wednesday,0,130000,4603.266459119405,18809.5095,0.15,4,High
ORD00836,2025-08-06,Headphones,Accessories,West,6,3500,0.1957051414121613,16890.19,Card,2025,8,August,Wednesday,0,21000,4109.807969655388,2533.5285,0.15,4,Low
ORD00213,2025-08-07,Headphones,Accessories,East,2,3500,0.2105386638792179,5526.23,Cash,2025,8,August,Thursday,0,7000,1473.7706471545252,828.9345,0.15,3,Low
ORD00371,2025-08-08,Phone,Electronics,West,1,30000,0.101840596965743,26944.78,Cash,2025,8,August,Friday,0,30000,3055.21790897229,4041.7169999999996,0.15,4,Low
ORD00751,2025-08-08,Monitor,Electronics,East,7,15000,0.2379821975202269,80011.87,Cash,2025,8,August,Friday,0,105000,24988.130739623823,12001.780499999999,0.15,3,High
ORD01049,2025-08-09,Headphones,Accessories,West,2,3500,0.0970384586445162,6320.73,Card,2025,8,August,Saturday,1,7000,679.2692105116134,948.1094999999999,0.15,4,Low
ORD01181,2025-08-09,Headphones,Accessories,South,2,3500,0.2119166169994933,5516.58,UPI,2025,8,August,Saturday,1,7000,1483.4163189964531,827.487,0.15,2,Low
ORD00330,2025-08-09,Tablet,Electronics,East,7,22000,0.0683574255316681,143472.96,UPI,2025,8,August,Saturday,1,154000,10527.043531876887,21520.944,0.15,3,High
ORD00535,2025-08-10,Tablet,Electronics,West,7,22000,0.2166522080384181,120635.56,UPI,2025,8,August,Sunday,1,154000,33364.440037916385,18095.334,0.15,4,High
ORD00809,2025-08-10,Phone,Electronics,North,6,30000,0.0381725334603551,173128.94,Card,2025,8,August,Sunday,1,180000,6871.056022863919,25969.341,0.15,1,High
ORD01168,2025-08-10,Phone,Electronics,East,2,30000,0.1046436978403635,53721.38,Card,2025,8,August,Sunday,1,60000,6278.62187042181,8058.206999999999,0.15,3,High
ORD00114,2025-08-10,Tablet,Electronics,East,6,22000,0.0011546997108319,131847.58,UPI,2025,8,August,Sunday,1,132000,152.4203618298108,19777.137,0.15,3,High
ORD00845,2025-08-11,Laptop,Electronics,South,2,65000,0.2452512028384432,98117.34,Card,2025,8,August,Monday,0,130000,31882.656368997617,14717.600999999999,0.15,2,High
ORD01180,2025-08-11,Laptop,Electronics,South,5,65000,0.1734648335522503,268623.93,Card,2025,8,August,Monday,0,325000,56376.07090448135,40293.589499999995,0.15,2,High
ORD00988,2025-08-11,Phone,Electronics,East,2,30000,0.1460405372958239,51237.57,UPI,2025,8,August,Monday,0,60000,8762.432237749434,7685.635499999999,0.15,3,High
ORD00805,2025-08-11,Headphones,Accessories,South,6,3500,0.0289747163298123,20391.53,Net Banking,2025,8,August,Monday,0,21000,608.4690429260583,3058.7295,0.15,2,Low
ORD00180,2025-08-11,Tablet,Electronics,West,4,22000,0.1072565303393531,78561.43,Card,2025,8,August,Monday,0,88000,9438.574669863074,11784.214499999998,0.15,4,High
ORD00879,2025-08-12,Tablet,Electronics,East,2,22000,0.0753501591800464,40684.59,UPI,2025,8,August,Tuesday,0,44000,3315.4070039220414,6102.688499999999,0.15,3,Low
ORD01159,2025-08-12,Phone,Electronics,North,5,30000,0.2472729848749756,112909.05,Cash,2025,8,August,Tuesday,0,150000,37090.94773124634,16936.3575,0.15,1,High
ORD01162,2025-08-12,Tablet,Electronics,West,6,22000,0.0129374364009711,130292.26,Cash,2025,8,August,Tuesday,0,132000,1707.7416049281853,19543.839,0.15,4,High
ORD01021,2025-08-12,Laptop,Electronics,East,7,65000,0.0887912217484679,414599.99,Card,2025,8,August,Tuesday,0,455000,40400.005895552895,62189.998499999994,0.15,3,High
ORD00001,2025-08-12,Laptop,Electronics,East,7,65000,0.1416051627024111,390569.65,Cash,2025,8,August,Tuesday,0,455000,64430.349029597055,58585.4475,0.15,3,High
ORD00725,2025-08-12,Headphones,Accessories,South,3,3500,0.0561039731686715,9910.91,UPI,2025,8,August,Tuesday,0,10500,589.0917182710508,1486.6364999999998,0.15,2,Low
ORD00475,2025-08-13,Headphones,Accessories,North,6,3500,0.1952095886297619,16900.6,Net Banking,2025,8,August,Wednesday,0,21000,4099.401361225,2535.0899999999997,0.15,1,Low
ORD00297,2025-08-13,Monitor,Electronics,North,4,15000,0.2140572509491518,47156.56,Net Banking,2025,8,August,Wednesday,0,60000,12843.435056949107,7073.4839999999995,0.15,1,Low
ORD00542,2025-08-13,Laptop,Electronics,West,6,65000,0.0576865763168042,367502.24,Card,2025,8,August,Wednesday,0,390000,22497.764763553638,55125.335999999996,0.15,4,High
ORD00414,2025-08-13,Laptop,Electronics,North,5,65000,0.0945795035559464,294261.66,Cash,2025,8,August,Wednesday,0,325000,30738.33865568258,44139.248999999996,0.15,1,High
ORD00323,2025-08-13,Headphones,Accessories,North,2,3500,0.2207063915085195,5455.06,Card,2025,8,August,Wednesday,0,7000,1544.9447405596366,818.259,0.15,1,Low
ORD00263,2025-08-14,Phone,Electronics,North,1,30000,0.0457021926077441,28628.93,UPI,2025,8,August,Thursday,0,30000,1371.065778232323,4294.3395,0.15,1,Low
ORD00986,2025-08-14,Headphones,Accessories,West,3,3500,0.0424946302989464,10053.81,Net Banking,2025,8,August,Thursday,0,10500,446.1936181389372,1508.0714999999998,0.15,4,Low
ORD00322,2025-08-14,Laptop,Electronics,West,5,65000,0.1323478385065718,281986.95,Net Banking,2025,8,August,Thursday,0,325000,43013.04751463584,42298.0425,0.15,4,High
ORD00262,2025-08-15,Laptop,Electronics,South,3,65000,0.1351191730426887,168651.76,Net Banking,2025,8,August,Friday,0,195000,26348.238743324295,25297.764,0.15,2,High
ORD00352,2025-08-15,Laptop,Electronics,North,6,65000,0.1097054254504871,347214.88,Card,2025,8,August,Friday,0,390000,42785.11592568997,52082.231999999996,0.15,1,High
ORD00942,2025-08-15,Tablet,Electronics,South,7,22000,0.1085873120563239,137277.55,Card,2025,8,August,Friday,0,154000,16722.44605667388,20591.632499999996,0.15,2,High
ORD00103,2025-08-15,Monitor,Electronics,South,5,15000,0.1888848856183568,60833.63,Net Banking,2025,8,August,Friday,0,75000,14166.36642137676,9125.0445,0.15,2,High
ORD00998,2025-08-16,Phone,Electronics,South,7,30000,0.1280607427766567,183107.24,Cash,2025,8,August,Saturday,1,210000,26892.755983097904,27466.086,0.15,2,High
ORD00901,2025-08-16,Laptop,Electronics,North,7,65000,0.1867777181718527,370016.14,Card,2025,8,August,Saturday,1,455000,84983.86176819298,55502.421,0.15,1,High
ORD00203,2025-08-17,Tablet,Electronics,North,3,22000,0.2421880803403997,50015.59,UPI,2025,8,August,Sunday,1,66000,15984.41330246638,7502.338499999999,0.15,1,High
ORD00110,2025-08-17,Headphones,Accessories,East,6,3500,0.2363799727554766,16036.02,Card,2025,8,August,Sunday,1,21000,4963.979427865009,2405.403,0.15,3,Low
ORD00248,2025-08-17,Tablet,Electronics,South,7,22000,0.134304720923585,133317.07,Card,2025,8,August,Sunday,1,154000,20682.927022232092,19997.5605,0.15,2,High
ORD00794,2025-08-17,Monitor,Electronics,North,5,15000,0.0178111193416477,73664.17,UPI,2025,8,August,Sunday,1,75000,1335.8339506235775,11049.6255,0.15,1,High
ORD00468,2025-08-19,Tablet,Electronics,North,5,22000,0.0569152866998035,103739.32,Card,2025,8,August,Tuesday,0,110000,6260.681536978385,15560.898000000001,0.15,1,High
ORD00260,2025-08-19,Tablet,Electronics,West,4,22000,0.0945774555933538,79677.18,Net Banking,2025,8,August,Tuesday,0,88000,8322.816092215135,11951.577,0.15,4,High
ORD00058,2025-08-19,Laptop,Electronics,East,4,65000,0.204952214559506,206712.42,Cash,2025,8,August,Tuesday,0,260000,53287.575785471556,31006.863,0.15,3,High
ORD00766,2025-08-21,Headphones,Accessories,West,6,3500,0.0187543268378855,20606.16,Cash,2025,8,August,Thursday,0,21000,393.84086359559547,3090.924,0.15,4,Low
ORD00383,2025-08-21,Monitor,Electronics,East,4,15000,0.1004154085023441,53975.08,Cash,2025,8,August,Thursday,0,60000,6024.924510140646,8096.262,0.15,3,High
ORD00345,2025-08-22,Monitor,Electronics,North,2,15000,0.1168711348571429,26493.87,Card,2025,8,August,Friday,0,30000,3506.134045714287,3974.0804999999996,0.15,1,Low
ORD00264,2025-08-22,Monitor,Electronics,West,1,15000,0.0801835297383629,13797.25,Net Banking,2025,8,August,Friday,0,15000,1202.7529460754436,2069.5875,0.15,4,Low
ORD00813,2025-08-22,Headphones,Accessories,South,2,3500,0.034946897617467,6755.37,UPI,2025,8,August,Friday,0,7000,244.628283322269,1013.3054999999999,0.15,2,Low
ORD00306,2025-08-23,Laptop,Electronics,South,2,65000,0.1264405786856853,113562.72,Card,2025,8,August,Saturday,1,130000,16437.27522913909,17034.408,0.15,2,High
ORD00220,2025-08-23,Monitor,Electronics,West,4,15000,0.2429509546616778,45422.94,Cash,2025,8,August,Saturday,1,60000,14577.057279700668,6813.441,0.15,4,Low
ORD00106,2025-08-23,Headphones,Accessories,East,5,3500,0.2318762149062624,13442.17,Card,2025,8,August,Saturday,1,17500,4057.833760859592,2016.3255,0.15,3,Low
ORD00195,2025-08-23,Monitor,Electronics,South,2,15000,0.2086769160817339,23739.69,Cash,2025,8,August,Saturday,1,30000,6260.307482452016,3560.9534999999996,0.15,2,Low
ORD00620,2025-08-23,Laptop,Electronics,North,3,65000,0.15492984734491,164788.68,Net Banking,2025,8,August,Saturday,1,195000,30211.32023225745,24718.302,0.15,1,High
ORD00872,2025-08-23,Phone,Electronics,East,5,30000,0.1120630886384359,133190.54,Card,2025,8,August,Saturday,1,150000,16809.463295765385,19978.581000000002,0.15,3,High
ORD00987,2025-08-24,Headphones,Accessories,East,3,3500,0.2045568381568143,8352.15,Card,2025,8,August,Sunday,1,10500,2147.84680064655,1252.8225,0.15,3,Low
ORD00754,2025-08-25,Monitor,Electronics,North,4,15000,0.2425503931424608,45446.98,UPI,2025,8,August,Monday,0,60000,14553.023588547649,6817.0470000000005,0.15,1,Low
ORD00191,2025-08-25,Headphones,Accessories,West,3,3500,0.2339685255027701,8043.33,Net Banking,2025,8,August,Monday,0,10500,2456.669517779086,1206.4995,0.15,4,Low
ORD01012,2025-08-25,Headphones,Accessories,East,6,3500,0.1138380303608718,18609.4,UPI,2025,8,August,Monday,0,21000,2390.5986375783077,2791.4100000000003,0.15,3,Low
ORD00935,2025-08-26,Tablet,Electronics,South,4,22000,0.1260548388844421,76907.17,Cash,2025,8,August,Tuesday,0,88000,11092.825821830906,11536.075499999999,0.15,2,High
ORD00874,2025-08-26,Laptop,Electronics,South,3,65000,0.2138688408544704,153295.58,Card,2025,8,August,Tuesday,0,195000,41704.423966621725,22994.336999999996,0.15,2,High
ORD01099,2025-08-26,Laptop,Electronics,North,2,65000,0.0012143344443197,129842.14,UPI,2025,8,August,Tuesday,0,130000,157.863477761561,19476.321,0.15,1,High
ORD01144,2025-08-26,Monitor,Electronics,North,6,15000,0.0720149921805351,83518.65,Cash,2025,8,August,Tuesday,0,90000,6481.349296248159,12527.797499999999,0.15,1,High
ORD00386,2025-08-27,Laptop,Electronics,East,3,65000,0.2347013385517596,149233.24,UPI,2025,8,August,Wednesday,0,195000,45766.76101759312,22384.985999999997,0.15,3,High
ORD00561,2025-08-27,Tablet,Electronics,East,3,22000,0.0830407619258629,60519.31,Card,2025,8,August,Wednesday,0,66000,5480.6902871069515,9077.896499999999,0.15,3,High
ORD00722,2025-08-27,Monitor,Electronics,South,4,15000,0.0750679780356316,55495.92,Card,2025,8,August,Wednesday,0,60000,4504.078682137896,8324.387999999999,0.15,2,High
ORD01154,2025-08-27,Monitor,Electronics,West,4,15000,0.1370683294645471,51775.9,Cash,2025,8,August,Wednesday,0,60000,8224.099767872827,7766.385,0.15,4,High
ORD01079,2025-08-28,Tablet,Electronics,North,3,22000,0.2150864726954458,51804.29,UPI,2025,8,August,Thursday,0,66000,14195.707197899425,7770.6435,0.15,1,High
ORD00102,2025-08-28,Laptop,Electronics,West,3,65000,0.1406681026437143,167569.72,Card,2025,8,August,Thursday,0,195000,27430.280015524288,25135.458,0.15,4,High
ORD00338,2025-08-28,Phone,Electronics,North,1,30000,0.1869975322381117,24390.07,Cash,2025,8,August,Thursday,0,30000,5609.925967143351,3658.5105,0.15,1,Low
ORD01194,2025-08-28,Headphones,Accessories,West,2,3500,0.0027336802776659,6980.86,UPI,2025,8,August,Thursday,0,7000,19.1357619436613,1047.129,0.15,4,Low
ORD00753,2025-08-28,Laptop,Electronics,East,1,65000,0.190754824194187,52600.94,Net Banking,2025,8,August,Thursday,0,65000,12399.063572622154,7890.141,0.15,3,High
ORD01123,2025-08-28,Phone,Electronics,East,3,30000,0.100818395732586,80926.34,Cash,2025,8,August,Thursday,0,90000,9073.65561593274,12138.951,0.15,3,High
ORD00215,2025-08-29,Headphones,Accessories,East,5,3500,0.0317338141977299,16944.66,UPI,2025,8,August,Friday,0,17500,555.3417484602733,2541.699,0.15,3,Low
ORD00343,2025-08-29,Headphones,Accessories,East,1,3500,0.0902026403543788,3184.29,Card,2025,8,August,Friday,0,3500,315.7092412403258,477.64349999999996,0.15,3,Low
ORD00914,2025-08-30,Monitor,Electronics,West,7,15000,0.1532773547485348,88905.88,Card,2025,8,August,Saturday,1,105000,16094.122248596153,13335.882,0.15,4,High
ORD00076,2025-08-31,Tablet,Electronics,North,5,22000,0.0802714066029637,101170.15,UPI,2025,8,August,Sunday,1,110000,8829.854726326006,15175.5225,0.15,1,High
ORD01089,2025-08-31,Headphones,Accessories,North,7,3500,0.0499487326645331,23276.26,Cash,2025,8,August,Sunday,1,24500,1223.743950281061,3491.439,0.15,1,Low
ORD00569,2025-08-31,Headphones,Accessories,North,1,3500,0.0331355202378534,3384.03,Card,2025,8,August,Sunday,1,3500,115.9743208324869,507.60450000000003,0.15,1,Low
ORD00498,2025-08-31,Phone,Electronics,West,2,30000,0.1988080646456773,48071.52,UPI,2025,8,August,Sunday,1,60000,11928.483878740637,7210.727999999999,0.15,4,Low
ORD01011,2025-09-01,Phone,Electronics,North,5,30000,0.2499413342285859,112508.8,Cash,2025,9,September,Monday,0,150000,37491.20013428789,16876.32,0.15,1,High
ORD00404,2025-09-01,Monitor,Electronics,West,3,15000,0.2036184690077334,35837.17,UPI,2025,9,September,Monday,0,45000,9162.831105348003,5375.5755,0.15,4,Low
ORD00418,2025-09-01,Laptop,Electronics,North,4,65000,0.1427918405139352,222874.12,Net Banking,2025,9,September,Monday,0,260000,37125.87853362315,33431.117999999995,0.14999999999999997,1,High
ORD01070,2025-09-01,Laptop,Electronics,East,7,65000,0.2173404567196309,356110.09,Cash,2025,9,September,Monday,0,455000,98889.90780743206,53416.5135,0.15,3,High
ORD00647,2025-09-01,Tablet,Electronics,North,3,22000,0.0815595905410141,60617.07,Card,2025,9,September,Monday,0,66000,5382.93297570693,9092.5605,0.15,1,High
ORD00459,2025-09-02,Monitor,Electronics,South,6,15000,0.0997988256644476,81018.11,Cash,2025,9,September,Tuesday,0,90000,8981.894309800284,12152.7165,0.15,2,High
ORD01028,2025-09-03,Phone,Electronics,West,7,30000,0.0167889194337432,206474.33,Cash,2025,9,September,Wednesday,0,210000,3525.673081086072,30971.149499999996,0.15,4,High
ORD00576,2025-09-03,Phone,Electronics,South,1,30000,0.1305312732257877,26084.06,Net Banking,2025,9,September,Wednesday,0,30000,3915.938196773631,3912.609,0.15,2,Low
ORD00603,2025-09-03,Headphones,Accessories,South,4,3500,0.033769948054381,13527.22,Cash,2025,9,September,Wednesday,0,14000,472.779272761334,2029.0829999999999,0.15,2,Low
ORD00079,2025-09-03,Tablet,Electronics,East,1,22000,0.216536151582755,17236.2,Cash,2025,9,September,Wednesday,0,22000,4763.79533482061,2585.43,0.15,3,Low
ORD01048,2025-09-04,Headphones,Accessories,South,2,3500,0.1567380851080672,5902.83,Card,2025,9,September,Thursday,0,7000,1097.1665957564703,885.4245,0.15,2,Low
ORD00736,2025-09-04,Headphones,Accessories,East,2,3500,0.0256994240361873,6820.1,UPI,2025,9,September,Thursday,0,7000,179.8959682533111,1023.015,0.15,3,Low
ORD00718,2025-09-04,Tablet,Electronics,East,4,22000,0.1812042055617182,72054.03,UPI,2025,9,September,Thursday,0,88000,15945.970089431203,10808.1045,0.15,3,High
ORD00843,2025-09-04,Monitor,Electronics,South,6,15000,0.1580887626915753,75772.01,Net Banking,2025,9,September,Thursday,0,90000,14227.988642241777,11365.8015,0.15,2,High
ORD00329,2025-09-05,Laptop,Electronics,North,1,65000,0.0368564883713964,62604.33,Net Banking,2025,9,September,Friday,0,65000,2395.671744140766,9390.6495,0.15,1,High
ORD00324,2025-09-05,Monitor,Electronics,West,2,15000,0.1901365056824667,24295.9,Card,2025,9,September,Friday,0,30000,5704.095170474001,3644.385,0.15,4,Low
ORD00844,2025-09-05,Laptop,Electronics,South,6,65000,0.2322906580677675,299406.64,UPI,2025,9,September,Friday,0,390000,90593.35664642933,44910.996,0.15,2,High
ORD00124,2025-09-05,Tablet,Electronics,South,7,22000,0.1966624281233998,123713.99,Net Banking,2025,9,September,Friday,0,154000,30286.013931003567,18557.0985,0.15,2,High
ORD00199,2025-09-05,Phone,Electronics,North,1,30000,0.1418620283873308,25744.14,UPI,2025,9,September,Friday,0,30000,4255.860851619924,3861.6209999999996,0.15,1,Low
ORD00022,2025-09-06,Phone,Electronics,South,4,30000,0.0530692847101857,113631.69,Cash,2025,9,September,Saturday,1,120000,6368.314165222285,17044.7535,0.15,2,High
ORD00798,2025-09-06,Tablet,Electronics,East,7,22000,0.0837617193762836,141100.7,Card,2025,9,September,Saturday,1,154000,12899.304783947675,21165.105,0.15,3,High
ORD01119,2025-09-06,Headphones,Accessories,South,6,3500,0.1240721857073089,18394.48,UPI,2025,9,September,Saturday,1,21000,2605.5158998534866,2759.172,0.15,2,Low
ORD01155,2025-09-06,Phone,Electronics,South,3,30000,0.1065610507950141,80409.51,Cash,2025,9,September,Saturday,1,90000,9590.49457155127,12061.4265,0.15,2,High
ORD00223,2025-09-07,Headphones,Accessories,East,5,3500,0.1141009644754613,15503.23,UPI,2025,9,September,Sunday,1,17500,1996.7668783205727,2325.4845,0.15,3,Low
ORD00204,2025-09-07,Headphones,Accessories,North,3,3500,0.0776635462702707,9684.53,UPI,2025,9,September,Sunday,1,10500,815.4672358378423,1452.6795,0.15,1,Low
ORD00923,2025-09-07,Tablet,Electronics,South,5,22000,0.0698387030484322,102317.74,Cash,2025,9,September,Sunday,1,110000,7682.257335327543,15347.661,0.15,2,High
ORD01054,2025-09-07,Monitor,Electronics,North,4,15000,0.1468798731389601,51187.21,Cash,2025,9,September,Sunday,1,60000,8812.792388337606,7678.081499999999,0.15,1,High
ORD00870,2025-09-07,Laptop,Electronics,North,3,65000,0.1261363099259843,170403.42,UPI,2025,9,September,Sunday,1,195000,24596.580435566935,25560.513000000003,0.15,1,High
ORD00774,2025-09-08,Headphones,Accessories,East,3,3500,0.0922471383250862,9531.41,UPI,2025,9,September,Monday,0,10500,968.594952413405,1429.7115,0.15,3,Low
ORD00602,2025-09-09,Headphones,Accessories,West,4,3500,0.1558865924106864,11817.59,UPI,2025,9,September,Tuesday,0,14000,2182.4122937496095,1772.6385,0.15,4,Low
ORD00523,2025-09-09,Laptop,Electronics,North,5,65000,0.1779794526471446,267156.68,Net Banking,2025,9,September,Tuesday,0,325000,57843.32211032199,40073.502,0.15,1,High
ORD01113,2025-09-09,Laptop,Electronics,West,4,65000,0.0961708681653353,234995.57,Card,2025,9,September,Tuesday,0,260000,25004.425722987176,35249.3355,0.15,4,High
ORD00087,2025-09-10,Laptop,Electronics,South,7,65000,0.0978729948826658,410467.79,Cash,2025,9,September,Wednesday,0,455000,44532.21267161294,61570.16849999999,0.15,2,High
ORD00772,2025-09-10,Monitor,Electronics,East,7,15000,0.2423646459313969,79551.71,UPI,2025,9,September,Wednesday,0,105000,25448.287822796672,11932.756500000001,0.15,3,High
ORD00266,2025-09-10,Tablet,Electronics,North,1,22000,0.1682133486712233,18299.31,Cash,2025,9,September,Wednesday,0,22000,3700.693670766913,2744.8965000000003,0.15,1,Low
ORD00312,2025-09-10,Headphones,Accessories,South,2,3500,0.049645915882827,6652.48,Card,2025,9,September,Wednesday,0,7000,347.52141117978897,997.8719999999998,0.15,2,Low
ORD00005,2025-09-10,Tablet,Electronics,South,5,22000,0.0066444412493229,109269.11,UPI,2025,9,September,Wednesday,0,110000,730.888537425519,16390.3665,0.15,2,High
ORD00056,2025-09-10,Laptop,Electronics,West,1,65000,0.2130955794825665,51148.79,Cash,2025,9,September,Wednesday,0,65000,13851.212666366822,7672.318499999999,0.15,4,High
ORD00826,2025-09-11,Laptop,Electronics,East,4,65000,0.0985179935421168,234385.32,Net Banking,2025,9,September,Thursday,0,260000,25614.678320950366,35157.798,0.15,3,High
ORD00557,2025-09-11,Headphones,Accessories,North,3,3500,0.0352568249875036,10129.8,UPI,2025,9,September,Thursday,0,10500,370.19666236878777,1519.4699999999998,0.15,1,Low
ORD00070,2025-09-12,Tablet,Electronics,West,1,22000,0.1234180190676614,19284.8,Cash,2025,9,September,Friday,0,22000,2715.196419488551,2892.72,0.15,4,Low
ORD00716,2025-09-12,Headphones,Accessories,South,4,3500,0.0506976131522897,13290.23,Net Banking,2025,9,September,Friday,0,14000,709.7665841320558,1993.5344999999998,0.15,2,Low
ORD01060,2025-09-12,Phone,Electronics,South,7,30000,0.1072747178673142,187472.31,Net Banking,2025,9,September,Friday,0,210000,22527.690752135983,28120.8465,0.15,2,High
ORD00354,2025-09-12,Tablet,Electronics,West,5,22000,0.0923182103352421,99845.0,Cash,2025,9,September,Friday,0,110000,10155.00313687663,14976.75,0.15,4,High
ORD00469,2025-09-13,Laptop,Electronics,East,4,65000,0.0126339971625144,256715.16,Card,2025,9,September,Saturday,1,260000,3284.839262253744,38507.274,0.15,3,High
ORD00229,2025-09-14,Tablet,Electronics,North,2,22000,0.1949674609680779,35421.43,Net Banking,2025,9,September,Sunday,1,44000,8578.568282595428,5313.2145,0.15,1,Low
ORD00407,2025-09-15,Tablet,Electronics,East,2,22000,0.2411297215348004,33390.29,Cash,2025,9,September,Monday,0,44000,10609.707747531218,5008.5435,0.15,3,Low
ORD01022,2025-09-15,Laptop,Electronics,West,2,65000,0.1131125587086895,115295.37,Card,2025,9,September,Monday,0,130000,14704.632632129635,17294.3055,0.15,4,High
ORD00678,2025-09-15,Laptop,Electronics,South,7,65000,0.0802125185167968,418503.3,Card,2025,9,September,Monday,0,455000,36496.69592514254,62775.494999999995,0.15,2,High
ORD00610,2025-09-16,Monitor,Electronics,East,7,15000,0.0216778709107997,102723.82,Card,2025,9,September,Tuesday,0,105000,2276.176445633969,15408.573,0.15,3,High
ORD00979,2025-09-16,Phone,Electronics,East,5,30000,0.0641804403837915,140372.93,Cash,2025,9,September,Tuesday,0,150000,9627.066057568725,21055.939499999997,0.15,3,High
ORD01040,2025-09-16,Monitor,Electronics,West,7,15000,0.1342931620817046,90899.22,Card,2025,9,September,Tuesday,0,105000,14100.782018578984,13634.883,0.15,4,High
ORD00783,2025-09-16,Laptop,Electronics,South,1,65000,0.2129305456881296,51159.51,Cash,2025,9,September,Tuesday,0,65000,13840.485469728425,7673.9265,0.15,2,High
ORD00663,2025-09-16,Laptop,Electronics,South,6,65000,0.2475695217731886,293447.89,Net Banking,2025,9,September,Tuesday,0,390000,96552.11349154355,44017.1835,0.15,2,High
ORD01075,2025-09-17,Tablet,Electronics,East,2,22000,0.2172634465692506,34440.41,UPI,2025,9,September,Wednesday,0,44000,9559.591649047026,5166.061500000001,0.15,3,Low
ORD01156,2025-09-17,Tablet,Electronics,South,3,22000,0.1988813815571505,52873.83,Net Banking,2025,9,September,Wednesday,0,66000,13126.171182771932,7931.0745,0.15,2,High
ORD00481,2025-09-18,Phone,Electronics,East,7,30000,0.1861927319541885,170899.53,Card,2025,9,September,Thursday,0,210000,39100.473710379585,25634.9295,0.15,3,High
ORD00775,2025-09-18,Monitor,Electronics,West,4,15000,0.0437018465582512,57377.89,UPI,2025,9,September,Thursday,0,60000,2622.110793495072,8606.6835,0.15,4,High
ORD00453,2025-09-18,Tablet,Electronics,West,1,22000,0.0636820875293668,20598.99,Card,2025,9,September,Thursday,0,22000,1401.0059256460695,3089.8485,0.15,4,Low
ORD01158,2025-09-19,Monitor,Electronics,East,2,15000,0.1251652101653174,26245.04,Cash,2025,9,September,Friday,0,30000,3754.9563049595217,3936.756,0.15,3,Low
ORD00209,2025-09-19,Phone,Electronics,South,1,30000,0.2168257601252953,23495.23,Cash,2025,9,September,Friday,0,30000,6504.7728037588595,3524.2844999999998,0.15,2,Low
ORD00482,2025-09-19,Monitor,Electronics,West,1,15000,0.205126485964651,11923.1,Cash,2025,9,September,Friday,0,15000,3076.897289469765,1788.465,0.15,4,Low
ORD01067,2025-09-20,Monitor,Electronics,North,5,15000,0.1878798900698483,60909.01,UPI,2025,9,September,Saturday,1,75000,14090.991755238621,9136.3515,0.15,1,High
ORD00064,2025-09-20,Monitor,Electronics,North,6,15000,0.2371613746781602,68655.48,Net Banking,2025,9,September,Saturday,1,90000,21344.523721034417,10298.321999999998,0.15,1,High
ORD01167,2025-09-20,Laptop,Electronics,East,3,65000,0.0658293205641213,182163.28,Card,2025,9,September,Saturday,1,195000,12836.717510003655,27324.492,0.15,3,High
ORD00899,2025-09-20,Laptop,Electronics,West,6,65000,0.0309845136102194,377916.04,UPI,2025,9,September,Saturday,1,390000,12083.960307985566,56687.405999999995,0.15,4,High
ORD00104,2025-09-20,Laptop,Electronics,North,7,65000,0.0643555905863428,425718.21,UPI,2025,9,September,Saturday,1,455000,29281.793716785975,63857.7315,0.15,1,High
ORD00367,2025-09-21,Tablet,Electronics,West,7,22000,0.0202885001059748,150875.57,Card,2025,9,September,Sunday,1,154000,3124.429016320119,22631.3355,0.15,4,High
ORD00052,2025-09-22,Laptop,Electronics,North,3,65000,0.0268507390721443,189764.11,Cash,2025,9,September,Monday,0,195000,5235.894119068138,28464.616499999996,0.15,1,High
ORD00704,2025-09-22,Laptop,Electronics,North,2,65000,0.0388492798143189,124949.59,Net Banking,2025,9,September,Monday,0,130000,5050.406375861457,18742.4385,0.15,1,High
ORD00146,2025-09-22,Monitor,Electronics,West,7,15000,0.151802857623518,89060.7,Card,2025,9,September,Monday,0,105000,15939.30005046939,13359.105,0.15,4,High
ORD00335,2025-09-23,Tablet,Electronics,North,6,22000,0.0174829078692153,129692.26,UPI,2025,9,September,Tuesday,0,132000,2307.7438387364195,19453.839,0.15,1,High
ORD00141,2025-09-23,Monitor,Electronics,South,4,15000,0.0252765414838962,58483.41,Net Banking,2025,9,September,Tuesday,0,60000,1516.592489033772,8772.5115,0.15,2,High
ORD00816,2025-09-24,Monitor,Electronics,South,3,15000,0.1304691086722139,39128.89,UPI,2025,9,September,Wednesday,0,45000,5871.109890249625,5869.3335,0.15,2,Low
ORD00494,2025-09-24,Headphones,Accessories,South,3,3500,0.184130804425472,8566.63,Cash,2025,9,September,Wednesday,0,10500,1933.373446467456,1284.9944999999998,0.15,2,Low
ORD00607,2025-09-24,Phone,Electronics,West,1,30000,0.0185176381846765,29444.47,UPI,2025,9,September,Wednesday,0,30000,555.529145540295,4416.6705,0.15,4,Low
ORD00391,2025-09-25,Headphones,Accessories,West,6,3500,0.0487963824546639,19975.28,UPI,2025,9,September,Thursday,0,21000,1024.7240315479419,2996.292,0.15,4,Low
ORD00991,2025-09-25,Phone,Electronics,East,3,30000,0.0287965133285651,87408.31,UPI,2025,9,September,Thursday,0,90000,2591.686199570859,13111.2465,0.15,3,High
ORD00132,2025-09-25,Tablet,Electronics,South,6,22000,0.1241476197115704,115612.51,Card,2025,9,September,Thursday,0,132000,16387.485801927294,17341.8765,0.15,2,High
ORD00860,2025-09-26,Monitor,Electronics,West,3,15000,0.0129303729165977,44418.13,Net Banking,2025,9,September,Friday,0,45000,581.8667812468965,6662.719499999999,0.15,4,Low
ORD00852,2025-09-27,Monitor,Electronics,East,3,15000,0.0040576140856178,44817.41,Net Banking,2025,9,September,Saturday,1,45000,182.59263385280101,6722.6115,0.15,3,Low
ORD00572,2025-09-27,Tablet,Electronics,East,3,22000,0.1936043011423331,53222.12,UPI,2025,9,September,Saturday,1,66000,12777.883875393984,7983.318,0.15,3,High
ORD01073,2025-09-27,Headphones,Accessories,East,3,3500,0.1886425738599078,8519.25,UPI,2025,9,September,Saturday,1,10500,1980.7470255290318,1277.8875,0.15,3,Low
ORD00537,2025-09-27,Tablet,Electronics,South,4,22000,0.2214262927145907,68514.49,UPI,2025,9,September,Saturday,1,88000,19485.51375888398,10277.1735,0.15,2,High
ORD00652,2025-09-28,Headphones,Accessories,West,2,3500,0.226447963228565,5414.86,Cash,2025,9,September,Sunday,1,7000,1585.135742599955,812.2289999999999,0.15,4,Low
ORD00786,2025-09-28,Tablet,Electronics,West,6,22000,0.2316676220203204,101419.87,UPI,2025,9,September,Sunday,1,132000,30580.12610668229,15212.980499999998,0.15,4,High
ORD00575,2025-09-28,Laptop,Electronics,North,6,65000,0.1596168819411851,327749.42,UPI,2025,9,September,Sunday,1,390000,62250.58395706218,49162.41299999999,0.15,1,High
ORD01127,2025-09-29,Monitor,Electronics,West,3,15000,0.0522399018711535,42649.2,Card,2025,9,September,Monday,0,45000,2350.795584201908,6397.379999999999,0.15,4,Low
ORD01091,2025-09-29,Tablet,Electronics,East,3,22000,0.2430175442827214,49960.84,Card,2025,9,September,Monday,0,66000,16039.157922659613,7494.125999999999,0.15,3,Low
ORD00508,2025-09-29,Phone,Electronics,South,7,30000,0.1030937285743061,188350.32,Card,2025,9,September,Monday,0,210000,21649.68300060428,28252.548,0.15,2,High
ORD01165,2025-09-29,Tablet,Electronics,East,6,22000,0.1663034914010303,110047.94,Net Banking,2025,9,September,Monday,0,132000,21952.060864935997,16507.191,0.15,3,High
ORD00918,2025-09-30,Headphones,Accessories,North,4,3500,0.0098900520975479,13861.54,Card,2025,9,September,Tuesday,0,14000,138.4607293656706,2079.231,0.15,1,Low
ORD00015,2025-09-30,Headphones,Accessories,East,1,3500,0.0676741903737767,3263.14,UPI,2025,9,September,Tuesday,0,3500,236.85966630821844,489.47099999999995,0.15,3,Low
ORD01171,2025-09-30,Headphones,Accessories,West,1,3500,0.115556982535917,3095.55,Net Banking,2025,9,September,Tuesday,0,3500,404.44943887570946,464.3325,0.15,4,Low
ORD00197,2025-09-30,Phone,Electronics,East,5,30000,0.1337245382439676,129941.32,Card,2025,9,September,Tuesday,0,150000,20058.68073659514,19491.198,0.15,3,High
ORD00326,2025-09-30,Phone,Electronics,North,1,30000,0.0437951419640009,28686.15,UPI,2025,9,September,Tuesday,0,30000,1313.8542589200272,4302.9225,0.15,1,Low
ORD00558,2025-09-30,Monitor,Electronics,South,5,15000,0.2430865619833995,56768.51,UPI,2025,9,September,Tuesday,0,75000,18231.49214875496,8515.2765,0.15,2,High
ORD00941,2025-10-01,Headphones,Accessories,West,5,3500,0.2238761442992211,13582.17,Net Banking,2025,10,October,Wednesday,0,17500,3917.8325252363693,2037.3255,0.15,4,Low
ORD00841,2025-10-02,Phone,Electronics,South,3,30000,0.0712018971624723,83591.83,Net Banking,2025,10,October,Thursday,0,90000,6408.170744622507,12538.7745,0.15,2,High
ORD00045,2025-10-02,Laptop,Electronics,East,12,65000,0.0893424058755135,414349.21,Cash,2025,10,October,Thursday,0,780000,69687.07658290052,62152.3815,0.15,3,High
ORD00723,2025-10-02,Monitor,Electronics,North,6,15000,0.1193082274939491,79262.26,Cash,2025,10,October,Thursday,0,90000,10737.740474455419,11889.338999999998,0.15,1,High
ORD00799,2025-10-02,Phone,Electronics,South,2,30000,0.211424850161743,47314.51,UPI,2025,10,October,Thursday,0,60000,12685.49100970458,7097.1765000000005,0.15,2,Low
ORD01199,2025-10-02,Monitor,Electronics,North,2,15000,0.0309814731883787,29070.56,Net Banking,2025,10,October,Thursday,0,30000,929.444195651361,4360.584,0.15,1,Low
ORD00006,2025-10-02,Monitor,Electronics,North,7,15000,0.0123647842865039,103701.7,Cash,2025,10,October,Thursday,0,105000,1298.3023500829095,15555.255,0.15,1,High
ORD00045,2025-10-02,Laptop,Electronics,East,7,65000,0.0893424058755135,414349.21,Cash,2025,10,October,Thursday,0,455000,40650.79467335864,62152.3815,0.15,3,High
ORD00346,2025-10-02,Phone,Electronics,East,5,30000,0.0980150056038608,135297.75,Cash,2025,10,October,Thursday,0,150000,14702.25084057912,20294.6625,0.15,3,High
ORD00750,2025-10-03,Laptop,Electronics,East,3,65000,0.2312406181767363,149908.08,UPI,2025,10,October,Friday,0,195000,45091.92054446358,22486.211999999996,0.15,3,High
ORD00080,2025-10-03,Headphones,Accessories,East,7,3500,0.11944941878910015,20890.35,Cash,2025,10,October,Friday,0,24500,2926.510760332954,3133.5525,0.15,3,Low
ORD00408,2025-10-03,Laptop,Electronics,East,5,65000,0.0661494013365395,303501.44,UPI,2025,10,October,Friday,0,325000,21498.55543437534,45525.216,0.15,3,High
ORD00910,2025-10-04,Laptop,Electronics,West,2,65000,0.0407141378106756,124707.16,Net Banking,2025,10,October,Saturday,1,130000,5292.837915387828,18706.074,0.15,4,High
ORD00307,2025-10-04,Phone,Electronics,West,7,30000,0.1841432732789332,171329.91,UPI,2025,10,October,Saturday,1,210000,38670.08738857597,25699.4865,0.15,4,High
ORD00869,2025-10-04,Tablet,Electronics,East,3,22000,0.0647089093093499,61729.21,Net Banking,2025,10,October,Saturday,1,66000,4270.788014417093,9259.3815,0.15,3,High
ORD00887,2025-10-04,Laptop,Electronics,West,6,65000,0.0888044585302999,355366.26,Cash,2025,10,October,Saturday,1,390000,34633.73882681696,53304.939,0.15,4,High
ORD00889,2025-10-04,Laptop,Electronics,North,3,65000,0.1791879375409023,160058.35,Net Banking,2025,10,October,Saturday,1,195000,34941.64782047595,24008.7525,0.15,1,High
ORD00099,2025-10-04,Headphones,Accessories,West,4,3500,0.1807784505363465,11469.1,Card,2025,10,October,Saturday,1,14000,2530.898307508851,1720.365,0.15,4,Low
ORD00060,2025-10-04,Headphones,Accessories,South,6,3500,0.2491693028797883,15767.44,UPI,2025,10,October,Saturday,1,21000,5232.555360475554,2365.116,0.15,2,Low
ORD00484,2025-10-05,Headphones,Accessories,East,6,3500,0.0719637190120384,19488.76,Cash,2025,10,October,Sunday,1,21000,1511.2380992528063,2923.314,0.15,3,Low
ORD00519,2025-10-06,Tablet,Electronics,North,3,22000,0.164620192098323,55135.07,Card,2025,10,October,Monday,0,66000,10864.932678489316,8270.2605,0.15,1,High
ORD00771,2025-10-06,Headphones,Accessories,East,6,3500,0.0780535682305195,19360.88,UPI,2025,10,October,Monday,0,21000,1639.1249328409094,2904.132,0.15,3,Low
ORD00041,2025-10-06,Laptop,Electronics,South,4,65000,0.2150704715547352,204081.68,Cash,2025,10,October,Monday,0,260000,55918.32260423115,30612.251999999997,0.15,2,High
ORD00688,2025-10-07,Tablet,Electronics,North,3,22000,0.0471780525072298,62886.25,Cash,2025,10,October,Tuesday,0,66000,3113.7514654771667,9432.9375,0.15,1,High
ORD00046,2025-10-07,Monitor,Electronics,South,7,15000,0.0662017943303949,98048.81,Card,2025,10,October,Tuesday,0,105000,6951.188404691465,14707.3215,0.15,2,High
ORD00835,2025-10-07,Monitor,Electronics,North,7,15000,0.0250718496238125,102367.46,Net Banking,2025,10,October,Tuesday,0,105000,2632.544210500312,15355.119,0.15,1,High
ORD00898,2025-10-08,Laptop,Electronics,South,7,65000,0.1236500559936132,398739.22,Card,2025,10,October,Wednesday,0,455000,56260.77547709401,59810.882999999994,0.15,2,High
ORD00382,2025-10-08,Monitor,Electronics,North,2,15000,0.0785869856574762,27642.39,UPI,2025,10,October,Wednesday,0,30000,2357.609569724286,4146.358499999999,0.14999999999999997,1,Low
ORD00697,2025-10-09,Headphones,Accessories,West,5,3500,0.1639682152457101,14630.56,Net Banking,2025,10,October,Thursday,0,17500,2869.4437667999264,2194.584,0.15,4,Low
ORD00247,2025-10-09,Headphones,Accessories,West,7,3500,0.2281121990739104,18911.25,UPI,2025,10,October,Thursday,0,24500,5588.748877310804,2836.6875,0.15,4,Low
ORD00800,2025-10-09,Tablet,Electronics,East,2,22000,0.130017978065372,38279.21,UPI,2025,10,October,Thursday,0,44000,5720.791034876368,5741.8814999999995,0.15,3,Low
ORD00174,2025-10-09,Headphones,Accessories,North,3,3500,0.2022424006266872,8376.45,Card,2025,10,October,Thursday,0,10500,2123.5452065802156,1256.4675,0.15,1,Low
ORD00428,2025-10-10,Monitor,Electronics,Unknown,5,15000,0.0472091051189097,71459.32,UPI,2025,10,October,Friday,0,75000,3540.6828839182276,10718.898000000001,0.15,0,High
ORD00695,2025-10-10,Laptop,Electronics,North,1,65000,0.0790903643341787,59859.13,Cash,2025,10,October,Friday,0,65000,5140.873681721615,8978.869499999999,0.15,1,High
ORD00205,2025-10-10,Tablet,Electronics,North,2,22000,0.0473408729182134,41917.0,Card,2025,10,October,Friday,0,44000,2082.9984084013895,6287.55,0.15,1,Low
ORD01104,2025-10-11,Laptop,Electronics,East,7,65000,0.1215113123902182,399712.35,Cash,2025,10,October,Saturday,1,455000,55287.647137549284,59956.85249999999,0.15,3,High
ORD00115,2025-10-11,Tablet,Electronics,North,7,22000,0.0096354998308589,152516.13,Net Banking,2025,10,October,Saturday,1,154000,1483.8669739522704,22877.4195,0.15,1,High
ORD00219,2025-10-12,Tablet,Electronics,North,7,22000,0.2247303940801284,119391.52,Net Banking,2025,10,October,Sunday,1,154000,34608.480688339776,17908.728,0.15,1,High
ORD00385,2025-10-12,Laptop,Electronics,North,5,65000,0.1515748495481789,275738.17,UPI,2025,10,October,Sunday,1,325000,49261.82610315814,41360.72549999999,0.15,1,High
ORD01041,2025-10-12,Headphones,Accessories,East,2,3500,0.0742171213768535,6480.48,Cash,2025,10,October,Sunday,1,7000,519.5198496379745,972.0719999999999,0.15,3,Low
ORD00692,2025-10-13,Headphones,Accessories,East,2,3500,0.1898352750055968,5671.15,Net Banking,2025,10,October,Monday,0,7000,1328.8469250391777,850.6724999999999,0.15,3,Low
ORD00153,2025-10-13,Monitor,Electronics,East,4,15000,0.0710992836433522,55734.04,Card,2025,10,October,Monday,0,60000,4265.957018601132,8360.106,0.15,3,High
ORD00274,2025-10-13,Monitor,Electronics,West,2,15000,0.1244119255913447,26267.64,Card,2025,10,October,Monday,0,30000,3732.357767740341,3940.1459999999997,0.15,4,Low
ORD00654,2025-10-14,Monitor,Electronics,South,2,15000,0.1890232869282132,24329.3,Cash,2025,10,October,Tuesday,0,30000,5670.698607846396,3649.395,0.15,2,Low
ORD00555,2025-10-14,Monitor,Electronics,South,5,15000,0.0873909028630084,68445.68,UPI,2025,10,October,Tuesday,0,75000,6554.317714725629,10266.851999999999,0.15,2,High
ORD00571,2025-10-14,Monitor,Electronics,West,3,15000,0.1450600541857357,38472.3,UPI,2025,10,October,Tuesday,0,45000,6527.7024383581065,5770.845,0.15,4,Low
ORD00882,2025-10-15,Monitor,Electronics,South,1,15000,0.0500458576462148,14249.31,Card,2025,10,October,Wednesday,0,15000,750.6878646932221,2137.3965,0.15,2,Low
ORD00763,2025-10-15,Monitor,Electronics,North,1,15000,0.1429604941302772,12855.59,Cash,2025,10,October,Wednesday,0,15000,2144.407411954158,1928.3384999999998,0.15,1,Low
ORD01071,2025-10-15,Headphones,Accessories,South,3,3500,0.1572370042906943,8849.01,Card,2025,10,October,Wednesday,0,10500,1650.98854505229,1327.3515,0.15,2,Low
ORD00417,2025-10-15,Monitor,Electronics,North,6,15000,0.0010764439169196,89903.12,Cash,2025,10,October,Wednesday,0,90000,96.879952522764,13485.467999999999,0.15,1,High
ORD00108,2025-10-16,Headphones,Accessories,West,2,3500,0.1672369147478949,5829.34,UPI,2025,10,October,Thursday,0,7000,1170.6584032352644,874.401,0.15,4,Low
ORD01182,2025-10-16,Monitor,Electronics,West,4,15000,0.0593839180130647,56436.96,UPI,2025,10,October,Thursday,0,60000,3563.035080783882,8465.544,0.15,4,High
ORD00004,2025-10-17,Tablet,Electronics,East,6,22000,0.1776331929356694,108552.42,UPI,2025,10,October,Friday,0,132000,23447.58146750836,16282.863,0.15,3,High
ORD01109,2025-10-18,Monitor,Electronics,South,3,15000,0.1495419700101936,38270.61,Cash,2025,10,October,Saturday,1,45000,6729.388650458712,5740.5914999999995,0.15,2,Low
ORD01122,2025-10-19,Laptop,Electronics,East,1,65000,0.0167445032829974,63911.61,Cash,2025,10,October,Sunday,1,65000,1088.392713394831,9586.7415,0.15,3,High
ORD00817,2025-10-19,Laptop,Electronics,West,3,65000,0.0699090822756325,181367.73,Card,2025,10,October,Sunday,1,195000,13632.271043748338,27205.1595,0.15,4,High
ORD00712,2025-10-19,Tablet,Electronics,South,7,22000,0.0446510439242794,147123.74,Cash,2025,10,October,Sunday,1,154000,6876.260764339027,22068.560999999998,0.15,2,High
ORD00744,2025-10-19,Phone,Electronics,North,1,30000,0.0441667453317904,28675.0,UPI,2025,10,October,Sunday,1,30000,1325.0023599537121,4301.25,0.15,1,Low
ORD00496,2025-10-19,Tablet,Electronics,West,5,22000,0.1307726248198287,95615.01,Cash,2025,10,October,Sunday,1,110000,14384.988730181158,14342.251499999998,0.15,4,High
ORD01096,2025-10-19,Laptop,Electronics,West,6,65000,0.0098809046725576,386146.45,Cash,2025,10,October,Sunday,1,390000,3853.5528222974635,57921.9675,0.15,4,High
ORD00673,2025-10-19,Headphones,Accessories,South,5,3500,0.246405275378002,13187.91,Card,2025,10,October,Sunday,1,17500,4312.092319115035,1978.1864999999998,0.15,2,Low
ORD00109,2025-10-19,Tablet,Electronics,East,3,22000,0.0131439975807638,65132.5,Net Banking,2025,10,October,Sunday,1,66000,867.5038403304108,9769.875,0.15,3,High
ORD00175,2025-10-20,Headphones,Accessories,South,7,3500,0.2436042807772116,18531.7,Card,2025,10,October,Monday,0,24500,5968.304879041684,2779.755,0.15,2,Low
ORD00176,2025-10-20,Tablet,Electronics,South,7,22000,0.0201838200006847,150891.69,Net Banking,2025,10,October,Monday,0,154000,3108.308280105444,22633.7535,0.15,2,High
ORD00621,2025-10-20,Tablet,Electronics,North,3,22000,0.231992652041456,50688.48,UPI,2025,10,October,Monday,0,66000,15311.515034736096,7603.272,0.15,1,High
ORD00593,2025-10-20,Phone,Electronics,South,3,30000,0.0541555910460106,85126.0,Cash,2025,10,October,Monday,0,90000,4874.003194140954,12768.9,0.15,2,High
ORD00355,2025-10-20,Monitor,Electronics,East,4,15000,0.0589993156551381,56460.04,Cash,2025,10,October,Monday,0,60000,3539.958939308286,8469.006,0.15,3,High
ORD00562,2025-10-20,Laptop,Electronics,East,3,65000,0.0422836768457139,186754.68,Cash,2025,10,October,Monday,0,195000,8245.31698491421,28013.201999999997,0.15,3,High
ORD00415,2025-10-21,Laptop,Electronics,North,1,65000,0.2087814477701834,51429.21,Net Banking,2025,10,October,Tuesday,0,65000,13570.794105061921,7714.3814999999995,0.15,1,High
ORD00532,2025-10-22,Laptop,Electronics,North,7,65000,0.0127201836362536,449212.32,Card,2025,10,October,Wednesday,0,455000,5787.683554495387,67381.848,0.15,1,High
ORD00279,2025-10-22,Laptop,Electronics,North,2,65000,0.1215701531676454,114195.88,Net Banking,2025,10,October,Wednesday,0,130000,15804.119911793901,17129.382,0.15,1,High
ORD00245,2025-10-22,Headphones,Accessories,West,1,3500,0.0487810602730841,3329.27,Cash,2025,10,October,Wednesday,0,3500,170.73371095579435,499.3905,0.15,4,Low
ORD00789,2025-10-22,Tablet,Electronics,North,2,22000,0.2468281549892859,33139.56,UPI,2025,10,October,Wednesday,0,44000,10860.43881952858,4970.933999999999,0.15,1,Low
ORD00644,2025-10-22,Tablet,Electronics,South,6,22000,0.2352690711911743,100944.48,Net Banking,2025,10,October,Wednesday,0,132000,31055.517397235006,15141.671999999999,0.15,2,High
ORD00010,2025-10-22,Laptop,Electronics,North,7,65000,0.1046640218287004,407377.87,Net Banking,2025,10,October,Wednesday,0,455000,47622.12993205868,61106.680499999995,0.15,1,High
ORD00858,2025-10-24,Laptop,Electronics,West,6,65000,0.1187192091189259,343699.51,Card,2025,10,October,Friday,0,390000,46300.4915563811,51554.9265,0.15,4,High
ORD00608,2025-10-24,Tablet,Electronics,West,4,22000,0.1117097106035381,78169.55,Cash,2025,10,October,Friday,0,88000,9830.454533111353,11725.4325,0.15,4,High
ORD00906,2025-10-25,Headphones,Accessories,North,2,3500,0.1775897980057073,5756.87,Cash,2025,10,October,Saturday,1,7000,1243.128586039951,863.5305,0.15,1,Low
ORD00321,2025-10-25,Phone,Electronics,West,7,30000,0.0728323633896164,194705.2,UPI,2025,10,October,Saturday,1,210000,15294.796311819446,29205.780000000002,0.15,4,High
ORD00506,2025-10-25,Tablet,Electronics,South,7,22000,0.2466571867158075,116014.79,Card,2025,10,October,Saturday,1,154000,37985.20675423436,17402.2185,0.15,2,High
ORD00739,2025-10-25,Headphones,Accessories,South,7,3500,0.0613915097023629,22995.91,UPI,2025,10,October,Saturday,1,24500,1504.0919877078911,3449.3865,0.15,2,Low
ORD00170,2025-10-25,Laptop,Electronics,West,5,65000,0.086035269515837,297038.54,UPI,2025,10,October,Saturday,1,325000,27961.462592647025,44555.780999999995,0.15,4,High
ORD01086,2025-10-25,Monitor,Electronics,Unknown,6,15000,0.0233957363345931,87894.38,UPI,2025,10,October,Saturday,1,90000,2105.616270113379,13184.157000000001,0.15,0,High
ORD00556,2025-10-26,Tablet,Electronics,East,3,22000,0.1446523242031311,56452.95,Net Banking,2025,10,October,Sunday,1,66000,9547.053397406653,8467.9425,0.15,3,High
ORD00389,2025-10-26,Monitor,Electronics,North,7,15000,0.0740749076133712,97222.13,UPI,2025,10,October,Sunday,1,105000,7777.865299403976,14583.3195,0.15,1,High
ORD00424,2025-10-27,Tablet,Electronics,East,1,22000,0.0222605012687633,21510.27,UPI,2025,10,October,Monday,0,22000,489.73102791279257,3226.5405,0.15,3,Low
ORD01152,2025-10-27,Tablet,Electronics,South,6,22000,0.2134075432866835,103830.2,Cash,2025,10,October,Monday,0,132000,28169.79571384222,15574.529999999999,0.15,2,High
ORD01184,2025-10-27,Tablet,Electronics,South,3,22000,0.002154314283438,65857.82,Cash,2025,10,October,Monday,0,66000,142.184742706908,9878.673,0.15,2,High
ORD00198,2025-10-27,Laptop,Electronics,South,5,65000,0.2289362144696773,250595.73,UPI,2025,10,October,Monday,0,325000,74404.26970264512,37589.3595,0.15,2,High
ORD00594,2025-10-27,Monitor,Electronics,West,2,15000,0.172225363113243,24833.24,Card,2025,10,October,Monday,0,30000,5166.76089339729,3724.986,0.15,4,Low
ORD01033,2025-10-28,Headphones,Accessories,West,7,3500,0.0235053005422075,23924.12,Net Banking,2025,10,October,Tuesday,0,24500,575.8798632840837,3588.618,0.15,4,Low
ORD00478,2025-10-28,Laptop,Electronics,South,3,65000,0.1103056871201395,173490.39,Net Banking,2025,10,October,Tuesday,0,195000,21509.6089884272,26023.558500000003,0.15,2,High
ORD00438,2025-10-28,Monitor,Electronics,South,5,15000,0.230836741931453,57687.24,Cash,2025,10,October,Tuesday,0,75000,17312.755644858975,8653.086,0.15,2,High
ORD00627,2025-10-29,Phone,Electronics,West,1,30000,0.128921859630493,26132.34,Card,2025,10,October,Wednesday,0,30000,3867.65578891479,3919.8509999999997,0.15,4,Low
ORD00868,2025-10-29,Monitor,Electronics,North,7,15000,0.2427837879505819,79507.7,Cash,2025,10,October,Wednesday,0,105000,25492.297734811098,11926.154999999999,0.15,1,High
ORD00483,2025-10-29,Phone,Electronics,West,1,30000,0.1873382154247515,24379.85,Net Banking,2025,10,October,Wednesday,0,30000,5620.146462742545,3656.9774999999995,0.15,4,Low
ORD00348,2025-10-29,Monitor,Electronics,West,6,15000,0.1879451773076954,73084.93,Net Banking,2025,10,October,Wednesday,0,90000,16915.065957692586,10962.739499999998,0.15,4,High
ORD01193,2025-10-29,Laptop,Electronics,East,5,65000,0.0898010993169344,295814.64,Net Banking,2025,10,October,Wednesday,0,325000,29185.35727800368,44372.196,0.15,3,High
ORD00208,2025-10-30,Monitor,Electronics,West,7,15000,0.0235715133720017,102524.99,Cash,2025,10,October,Thursday,0,105000,2475.0089040601783,15378.7485,0.15,4,High
ORD00134,2025-10-30,Tablet,Electronics,South,6,22000,0.2413539883704338,100141.27,UPI,2025,10,October,Thursday,0,132000,31858.72646489726,15021.1905,0.15,2,High
ORD01163,2025-10-30,Monitor,Electronics,East,7,15000,0.1194121923932426,92461.72,Net Banking,2025,10,October,Thursday,0,105000,12538.280201290474,13869.258,0.15,3,High
ORD00258,2025-10-30,Laptop,Electronics,East,4,65000,0.1094603914189593,231540.3,Cash,2025,10,October,Thursday,0,260000,28459.70176892942,34731.045,0.15,3,High
ORD00491,2025-10-30,Monitor,Electronics,West,6,15000,0.1967228453625069,72294.94,Net Banking,2025,10,October,Thursday,0,90000,17705.05608262562,10844.241,0.15,4,High
ORD00062,2025-10-30,Headphones,Accessories,West,7,3500,0.1003162410465283,22042.25,UPI,2025,10,October,Thursday,0,24500,2457.7479056399434,3306.3375,0.15,4,Low
ORD00287,2025-10-31,Laptop,Electronics,North,2,65000,0.2453467753132504,98104.92,Net Banking,2025,10,October,Friday,0,130000,31895.08079072255,14715.738,0.15,1,High
ORD00857,2025-10-31,Phone,Electronics,East,6,30000,0.244511436446995,135987.94,Cash,2025,10,October,Friday,0,180000,44012.058560459096,20398.191,0.15,3,High
ORD01083,2025-11-01,Monitor,Electronics,East,3,15000,0.0847559064799566,41185.98,UPI,2025,11,November,Saturday,1,45000,3814.0157915980467,6177.897,0.15,3,Low
ORD00931,2025-11-01,Tablet,Electronics,North,6,22000,0.0505285750391166,125330.23,UPI,2025,11,November,Saturday,1,132000,6669.771905163391,18799.534499999998,0.15,1,High
ORD00465,2025-11-01,Laptop,Electronics,North,4,65000,0.2293488973165355,200369.29,Net Banking,2025,11,November,Saturday,1,260000,59630.71330229923,30055.3935,0.15,1,High
ORD00364,2025-11-02,Monitor,Electronics,South,7,15000,0.2271520616389105,81149.03,Net Banking,2025,11,November,Sunday,1,105000,23850.9664720856,12172.3545,0.15,2,High
ORD00047,2025-11-02,Tablet,Electronics,North,7,22000,0.1526212668354471,130496.32,UPI,2025,11,November,Sunday,1,154000,23503.675092658854,19574.448,0.15,1,High
ORD00173,2025-11-02,Headphones,Accessories,West,4,3500,0.1012485153739543,12582.52,Cash,2025,11,November,Sunday,1,14000,1417.4792152353602,1887.378,0.15,4,Low
ORD00143,2025-11-02,Phone,Electronics,East,1,30000,0.1204408878405429,26386.77,Net Banking,2025,11,November,Sunday,1,30000,3613.226635216287,3958.0155,0.15,3,Low
ORD00782,2025-11-02,Headphones,Accessories,North,5,3500,0.0945501307524202,15845.37,Net Banking,2025,11,November,Sunday,1,17500,1654.6272881673535,2376.8055,0.15,1,Low
ORD00403,2025-11-02,Phone,Electronics,South,6,30000,0.1694271536136173,149503.11,Card,2025,11,November,Sunday,1,180000,30496.887650451114,22425.4665,0.15,2,High
ORD00706,2025-11-02,Tablet,Electronics,North,2,22000,0.1111720070026864,39108.43,Net Banking,2025,11,November,Sunday,1,44000,4891.5683081182015,5866.2645,0.15,1,Low
ORD00232,2025-11-02,Monitor,Electronics,East,2,15000,0.1530552521484881,25408.34,Net Banking,2025,11,November,Sunday,1,30000,4591.657564454644,3811.2509999999997,0.15,3,Low
ORD01135,2025-11-02,Headphones,Accessories,North,4,3500,0.1070981614603664,12500.63,Net Banking,2025,11,November,Sunday,1,14000,1499.3742604451295,1875.0944999999997,0.15,1,Low
ORD00091,2025-11-02,Tablet,Electronics,North,2,22000,0.115454477862437,38920.0,Cash,2025,11,November,Sunday,1,44000,5079.9970259472275,5838.0,0.15,1,Low
ORD00522,2025-11-03,Laptop,Electronics,North,6,65000,0.0550394727880749,368534.61,Card,2025,11,November,Monday,0,390000,21465.394387349214,55280.19149999999,0.15,1,High
ORD00738,2025-11-04,Phone,Electronics,North,4,30000,0.1508514893719021,101897.82,Card,2025,11,November,Tuesday,0,120000,18102.17872462825,15284.673,0.15,1,High
ORD00933,2025-11-04,Phone,Electronics,North,4,30000,0.2477024413877805,90275.71,Cash,2025,11,November,Tuesday,0,120000,29724.29296653366,13541.3565,0.15,1,High
ORD00653,2025-11-04,Phone,Electronics,West,4,30000,0.125052412328338,104993.71,UPI,2025,11,November,Tuesday,0,120000,15006.289479400559,15749.0565,0.15,4,High
ORD00684,2025-11-05,Monitor,Electronics,West,6,15000,0.1872935393288832,73143.58,UPI,2025,11,November,Wednesday,0,90000,16856.41853959949,10971.537,0.15,4,High
ORD00211,2025-11-05,Phone,Electronics,North,1,30000,0.207504794789757,23774.86,UPI,2025,11,November,Wednesday,0,30000,6225.14384369271,3566.229,0.15,1,Low
ORD00057,2025-11-05,Tablet,Electronics,North,2,22000,0.1885678787344731,35703.01,Net Banking,2025,11,November,Wednesday,0,44000,8296.986664316815,5355.4515,0.15,1,Low
ORD00500,2025-11-05,Tablet,Electronics,South,7,22000,0.1804590830584033,126209.3,Card,2025,11,November,Wednesday,0,154000,27790.69879099411,18931.395,0.15,2,High
ORD00119,2025-11-05,Phone,Electronics,East,4,30000,0.1858649903055963,97696.2,Cash,2025,11,November,Wednesday,0,120000,22303.798836671558,14654.429999999998,0.15,3,High
ORD00790,2025-11-06,Laptop,Electronics,East,7,65000,0.0376495718107508,437869.44,UPI,2025,11,November,Thursday,0,455000,17130.555173891615,65680.416,0.15,3,High
ORD00601,2025-11-07,Headphones,Accessories,North,1,3500,0.1525838471975449,2965.96,Card,2025,11,November,Friday,0,3500,534.0434651914071,444.894,0.15,1,Low
ORD00039,2025-11-07,Phone,Electronics,South,3,30000,0.0440345747932699,86036.89,Card,2025,11,November,Friday,0,90000,3963.111731394291,12905.5335,0.15,2,High
ORD00795,2025-11-07,Tablet,Electronics,East,6,22000,0.118826404470901,116314.91,Net Banking,2025,11,November,Friday,0,132000,15685.08539015893,17447.2365,0.15,3,High
ORD00097,2025-11-07,Phone,Electronics,East,2,30000,0.0236599420623471,58580.4,Card,2025,11,November,Friday,0,60000,1419.596523740826,8787.06,0.15,3,High
ORD00381,2025-11-08,Laptop,Electronics,South,3,65000,0.2224747517680827,151617.42,UPI,2025,11,November,Saturday,1,195000,43382.576594776125,22742.613,0.15,2,High
ORD01036,2025-11-08,Headphones,Accessories,North,6,3500,0.2190668082564498,16399.6,Net Banking,2025,11,November,Saturday,1,21000,4600.402973385446,2459.9399999999996,0.15,1,Low
ORD01197,2025-11-08,Headphones,Accessories,South,7,3500,0.0644043557096239,22922.09,Cash,2025,11,November,Saturday,1,24500,1577.9067148857855,3438.3134999999997,0.15,2,Low
ORD00564,2025-11-08,Laptop,Electronics,North,5,65000,0.0225003477612724,317687.39,Net Banking,2025,11,November,Saturday,1,325000,7312.6130224135295,47653.1085,0.15,1,High
ORD00171,2025-11-09,Laptop,Electronics,East,7,65000,0.0242025373262428,443987.85,Net Banking,2025,11,November,Sunday,1,455000,11012.154483440474,66598.17749999999,0.15,3,High
ORD00356,2025-11-10,Monitor,Electronics,South,2,15000,0.1907888724549751,24276.33,UPI,2025,11,November,Monday,0,30000,5723.666173649253,3641.4495,0.15,2,Low
ORD00488,2025-11-11,Tablet,Electronics,South,3,22000,0.1263192305732739,57662.93,Cash,2025,11,November,Tuesday,0,66000,8337.069217836077,8649.4395,0.15,2,High
ORD00436,2025-11-11,Laptop,Electronics,North,4,65000,0.1029608600752434,233230.18,Card,2025,11,November,Tuesday,0,260000,26769.82361956328,34984.526999999995,0.15,1,High
ORD00689,2025-11-11,Tablet,Electronics,East,1,22000,0.2126302197303394,17322.14,Net Banking,2025,11,November,Tuesday,0,22000,4677.864834067467,2598.321,0.15,3,Low
ORD00630,2025-11-11,Phone,Electronics,South,7,30000,0.1233766451090852,184090.9,Card,2025,11,November,Tuesday,0,210000,25909.095472907895,27613.635,0.15,2,High
ORD00863,2025-11-11,Laptop,Electronics,North,2,65000,0.1260159766411377,113617.92,UPI,2025,11,November,Tuesday,0,130000,16382.076963347901,17042.688,0.15,1,High
ORD00144,2025-11-12,Tablet,Electronics,West,5,22000,0.1410981700897946,94479.2,Cash,2025,11,November,Wednesday,0,110000,15520.798709877407,14171.88,0.15,4,High
ORD00387,2025-11-12,Laptop,Electronics,South,6,65000,0.0861602216279044,356397.51,Net Banking,2025,11,November,Wednesday,0,390000,33602.48643488272,53459.6265,0.15,2,High
ORD00373,2025-11-13,Tablet,Electronics,West,6,22000,0.1380406758261067,113778.63,UPI,2025,11,November,Thursday,0,132000,18221.369209046086,17066.7945,0.15,4,High
ORD00997,2025-11-13,Tablet,Electronics,South,3,22000,0.0168818286045133,64885.8,Card,2025,11,November,Thursday,0,66000,1114.2006878978777,9732.87,0.15,2,High
ORD01189,2025-11-13,Tablet,Electronics,South,7,22000,0.1870177397699731,125199.27,Net Banking,2025,11,November,Thursday,0,154000,28800.73192457586,18779.8905,0.15,2,High
ORD00714,2025-11-14,Headphones,Accessories,East,6,3500,0.1373734032000145,18115.16,Net Banking,2025,11,November,Friday,0,21000,2884.8414672003046,2717.274,0.15,3,Low
ORD00600,2025-11-14,Headphones,Accessories,North,4,3500,0.1554655076635851,11823.48,UPI,2025,11,November,Friday,0,14000,2176.5171072901917,1773.522,0.15,1,Low
ORD00017,2025-11-15,Tablet,Electronics,South,4,22000,0.0786874046410952,81075.51,Cash,2025,11,November,Saturday,1,88000,6924.491608416377,12161.3265,0.15,2,High
ORD00225,2025-11-15,Headphones,Accessories,South,2,3500,0.0903997573931656,6367.2,Net Banking,2025,11,November,Saturday,1,7000,632.7983017521592,955.0799999999999,0.15,2,Low
ORD00319,2025-11-15,Monitor,Electronics,South,4,15000,0.0386057720055356,57683.65,UPI,2025,11,November,Saturday,1,60000,2316.346320332136,8652.5475,0.15,2,High
ORD00824,2025-11-15,Headphones,Accessories,North,5,3500,0.0620735619713231,16413.71,UPI,2025,11,November,Saturday,1,17500,1086.2873344981542,2462.0564999999997,0.15,1,Low
ORD00122,2025-11-15,Headphones,Accessories,East,2,3500,0.1164393600893137,6184.92,UPI,2025,11,November,Saturday,1,7000,815.075520625196,927.7379999999999,0.15,3,Low
ORD01045,2025-11-15,Headphones,Accessories,West,5,3500,0.0964803228658037,15811.59,Cash,2025,11,November,Saturday,1,17500,1688.4056501515647,2371.7385,0.15,4,Low
ORD01023,2025-11-15,Monitor,Electronics,East,1,15000,0.1040404200168227,13439.39,Cash,2025,11,November,Saturday,1,15000,1560.6063002523406,2015.9084999999998,0.15,3,Low
ORD00586,2025-11-16,Monitor,Electronics,East,2,15000,0.2105175379430599,23684.47,Cash,2025,11,November,Sunday,1,30000,6315.526138291797,3552.6705,0.15,3,Low
ORD01100,2025-11-16,Tablet,Electronics,West,7,22000,0.1823737719652448,125914.44,Card,2025,11,November,Sunday,1,154000,28085.560882647696,18887.166,0.15,4,High
ORD00590,2025-11-16,Monitor,Electronics,South,6,15000,0.0194361667312605,88250.74,Net Banking,2025,11,November,Sunday,1,90000,1749.2550058134452,13237.611,0.15,2,High
ORD01160,2025-11-16,Phone,Electronics,North,2,30000,0.0375323891873142,57748.06,Net Banking,2025,11,November,Sunday,1,60000,2251.943351238852,8662.208999999999,0.15,1,High
ORD00847,2025-11-17,Laptop,Electronics,North,4,65000,0.1112344402567515,231079.05,Card,2025,11,November,Monday,0,260000,28920.95446675539,34661.8575,0.15,1,High
ORD00065,2025-11-17,Tablet,Electronics,South,2,22000,0.1442152396243982,37654.53,Cash,2025,11,November,Monday,0,44000,6345.470543473521,5648.179499999999,0.15,2,Low
ORD00442,2025-11-17,Phone,Electronics,South,1,30000,0.0244469993613607,29266.59,Net Banking,2025,11,November,Monday,0,30000,733.4099808408209,4389.9884999999995,0.15,2,Low
ORD01037,2025-11-17,Monitor,Electronics,North,2,15000,0.0341176385111277,28976.47,Net Banking,2025,11,November,Monday,0,30000,1023.529155333831,4346.4705,0.15,1,Low
ORD00951,2025-11-18,Laptop,Electronics,East,3,65000,0.1640574120262501,163008.8,Unknown,2025,11,November,Tuesday,0,195000,31991.19534511877,24451.319999999996,0.15,3,High
ORD00221,2025-11-18,Laptop,Electronics,South,7,65000,0.1762095807607952,374824.64,Cash,2025,11,November,Tuesday,0,455000,80175.35924616182,56223.696,0.15,2,High
ORD01068,2025-11-18,Headphones,Accessories,North,6,3500,0.1269192493654444,18334.7,Cash,2025,11,November,Tuesday,0,21000,2665.3042366743325,2750.205,0.15,1,Low
ORD00492,2025-11-18,Monitor,Electronics,East,7,15000,0.2282884375868019,81029.71,Cash,2025,11,November,Tuesday,0,105000,23970.2859466142,12154.4565,0.15,3,High
ORD00710,2025-11-18,Tablet,Electronics,South,7,22000,0.2232631211883131,119617.48,UPI,2025,11,November,Tuesday,0,154000,34382.520663000214,17942.622,0.15,2,High
ORD00190,2025-11-19,Phone,Electronics,South,7,30000,0.0112786864273196,207631.48,Net Banking,2025,11,November,Wednesday,0,210000,2368.5241497371157,31144.722,0.15,2,High
ORD00983,2025-11-19,Tablet,Electronics,West,5,22000,0.209534138707576,86951.24,Cash,2025,11,November,Wednesday,0,110000,23048.75525783336,13042.686,0.15,4,High
ORD00422,2025-11-20,Headphones,Accessories,South,1,3500,0.129728660621771,3045.95,Cash,2025,11,November,Thursday,0,3500,454.0503121761985,456.8925,0.15,2,Low
ORD00291,2025-11-20,Monitor,Electronics,South,2,15000,0.0150827046435554,29547.52,UPI,2025,11,November,Thursday,0,30000,452.48113930666204,4432.128,0.15,2,Low
ORD00893,2025-11-20,Tablet,Electronics,North,6,22000,0.1429876564103006,113125.63,Cash,2025,11,November,Thursday,0,132000,18874.370646159678,16968.8445,0.15,1,High
ORD00746,2025-11-20,Phone,Electronics,West,1,30000,0.2314216671841811,23057.35,Cash,2025,11,November,Thursday,0,30000,6942.650015525433,3458.6024999999995,0.15,4,Low
ORD00466,2025-11-21,Monitor,Electronics,East,3,15000,0.2127492800130411,35426.28,Card,2025,11,November,Friday,0,45000,9573.71760058685,5313.942,0.15,3,Low
ORD00384,2025-11-22,Phone,Electronics,North,3,30000,0.0670212762051377,83968.09,Card,2025,11,November,Saturday,1,90000,6031.914858462394,12595.2135,0.15,1,High
ORD00943,2025-11-22,Monitor,Electronics,East,7,15000,0.1917188920267994,84869.52,Card,2025,11,November,Saturday,1,105000,20130.48366281394,12730.428,0.15,3,High
ORD00614,2025-11-22,Phone,Electronics,North,4,30000,0.0592655192461658,112888.14,Net Banking,2025,11,November,Saturday,1,120000,7111.862309539896,16933.220999999998,0.15,1,High
ORD00008,2025-11-22,Headphones,Accessories,East,6,3500,0.1215480189055688,18447.49,UPI,2025,11,November,Saturday,1,21000,2552.508397016945,2767.1235,0.15,3,Low
ORD00063,2025-11-22,Phone,Electronics,South,4,30000,0.080984167234409,110281.9,Net Banking,2025,11,November,Saturday,1,120000,9718.10006812908,16542.285,0.15,2,High
ORD00660,2025-11-22,Phone,Electronics,North,6,30000,0.0657178330399456,168170.79,Net Banking,2025,11,November,Saturday,1,180000,11829.20994719021,25225.6185,0.15,1,High
ORD00534,2025-11-23,Phone,Electronics,North,7,30000,0.0644031540455091,196475.34,Cash,2025,11,November,Sunday,1,210000,13524.662349556911,29471.301,0.15,1,High
ORD00449,2025-11-25,Tablet,Electronics,North,7,22000,0.2269012228476206,119057.21,Cash,2025,11,November,Tuesday,0,154000,34942.788318533574,17858.5815,0.15,1,High
ORD00181,2025-11-25,Monitor,Electronics,South,7,15000,0.1077690894094845,93684.25,Cash,2025,11,November,Tuesday,0,105000,11315.754387995872,14052.637499999999,0.15,2,High
ORD00133,2025-11-25,Laptop,Electronics,West,3,65000,0.1341219809380626,168846.21,Card,2025,11,November,Tuesday,0,195000,26153.786282922207,25326.9315,0.15,4,High
ORD00661,2025-11-25,Laptop,Electronics,North,6,65000,0.1456111853848443,333211.64,Cash,2025,11,November,Tuesday,0,390000,56788.36230008928,49981.746,0.15,1,High
ORD00050,2025-11-25,Headphones,Accessories,South,12,3500,0.2324166552298887,18805.79,Cash,2025,11,November,Tuesday,0,42000,9761.499519655325,2820.8685,0.15,2,Low
ORD00050,2025-11-25,Headphones,Accessories,South,7,3500,0.2324166552298887,18805.79,Cash,2025,11,November,Tuesday,0,24500,5694.208053132273,2820.8685,0.15,2,Low
ORD00440,2025-11-26,Phone,Electronics,South,2,30000,0.1824538115757166,49052.77,Net Banking,2025,11,November,Wednesday,0,60000,10947.228694542997,7357.915499999999,0.15,2,Low
ORD00819,2025-11-26,Headphones,Accessories,East,6,3500,0.1535965266337964,17774.47,UPI,2025,11,November,Wednesday,0,21000,3225.5270593097243,2666.1705,0.15,3,Low
ORD00256,2025-11-26,Laptop,Electronics,North,1,65000,0.0226447646338598,63528.09,UPI,2025,11,November,Wednesday,0,65000,1471.909701200887,9529.2135,0.15,1,High
ORD00713,2025-11-27,Headphones,Accessories,East,1,3500,0.2259760471988697,2709.08,UPI,2025,11,November,Thursday,0,3500,790.916165196044,406.36199999999997,0.15,3,Low
ORD00023,2025-11-28,Laptop,Electronics,South,7,65000,0.2236278744296952,353249.32,Card,2025,11,November,Friday,0,455000,101750.68286551132,52987.398,0.15,2,High
ORD00271,2025-11-28,Phone,Electronics,East,7,30000,0.2341674229662816,160824.84,Cash,2025,11,November,Friday,0,210000,49175.15882291913,24123.726,0.15,3,High
ORD00443,2025-11-28,Laptop,Electronics,East,4,65000,0.117057851423396,229564.96,Card,2025,11,November,Friday,0,260000,30435.04137008296,34434.744,0.15,3,High
ORD01125,2025-11-29,Monitor,Electronics,North,6,15000,0.0656823991037083,84088.58,Cash,2025,11,November,Saturday,1,90000,5911.415919333746,12613.287,0.15,1,High
ORD00511,2025-11-29,Monitor,Electronics,South,3,15000,0.1969482126597181,36137.33,Card,2025,11,November,Saturday,1,45000,8862.669569687314,5420.5995,0.15,2,Low
ORD00250,2025-11-29,Laptop,Electronics,North,1,65000,0.0504668129023852,61719.66,Net Banking,2025,11,November,Saturday,1,65000,3280.342838655038,9257.949,0.15,1,High
ORD01187,2025-11-30,Laptop,Electronics,South,7,65000,0.2467965830104234,342707.55,Cash,2025,11,November,Sunday,1,455000,112292.44526974265,51406.1325,0.15,2,High
ORD01120,2025-11-30,Tablet,Electronics,East,6,22000,0.2298113955543064,101664.9,UPI,2025,11,November,Sunday,1,132000,30335.104213168444,15249.734999999999,0.15,3,High
ORD00254,2025-11-30,Phone,Electronics,East,2,30000,0.237210776751446,45767.35,Net Banking,2025,11,November,Sunday,1,60000,14232.64660508676,6865.1025,0.15,3,Low
ORD00439,2025-11-30,Laptop,Electronics,North,2,65000,0.0614688967512646,122009.04,Net Banking,2025,11,November,Sunday,1,130000,7990.9565776643985,18301.356,0.15,1,High
ORD01108,2025-11-30,Monitor,Electronics,East,2,15000,0.1077877392852787,26766.37,Card,2025,11,November,Sunday,1,30000,3233.632178558361,4014.9554999999996,0.15,3,Low
ORD00237,2025-11-30,Headphones,Accessories,West,3,3500,0.0546760565379087,9925.9,Net Banking,2025,11,November,Sunday,1,10500,574.0985936480413,1488.885,0.15,4,Low
ORD00392,2025-11-30,Laptop,Electronics,South,3,65000,0.0144863361345324,192175.16,Cash,2025,11,November,Sunday,1,195000,2824.835546233818,28826.274,0.15,2,High
ORD00525,2025-11-30,Phone,Electronics,South,4,30000,0.1239012695502857,105131.85,Net Banking,2025,11,November,Sunday,1,120000,14868.152346034283,15769.7775,0.15,2,High
ORD01077,2025-11-30,Headphones,Accessories,West,2,3500,0.1390475741994473,6026.67,Net Banking,2025,11,November,Sunday,1,7000,973.3330193961311,904.0005,0.15,4,Low
ORD01065,2025-11-30,Headphones,Accessories,North,1,3500,0.1405022936782169,3008.24,UPI,2025,11,November,Sunday,1,3500,491.75802787375915,451.23599999999993,0.15,1,Low
ORD00724,2025-12-02,Laptop,Electronics,South,4,65000,0.0899165734166527,236621.69,UPI,2025,12,December,Tuesday,0,260000,23378.3090883297,35493.2535,0.15,2,High
ORD00159,2025-12-02,Tablet,Electronics,West,1,22000,0.1725316923946149,18204.3,Net Banking,2025,12,December,Tuesday,0,22000,3795.697232681528,2730.645,0.15,4,Low
ORD00029,2025-12-02,Tablet,Electronics,East,2,22000,0.2338854859606637,33709.04,Net Banking,2025,12,December,Tuesday,0,44000,10290.961382269203,5056.356,0.15,3,Low
ORD00069,2025-12-03,Laptop,Electronics,North,7,65000,0.1246598867190788,398279.75,Card,2025,12,December,Wednesday,0,455000,56720.24845718085,59741.962499999994,0.15,1,High
ORD00423,2025-12-03,Headphones,Accessories,North,7,3500,0.2024851841112176,19539.11,Net Banking,2025,12,December,Wednesday,0,24500,4960.887010724831,2930.8665,0.15,1,Low
ORD00949,2025-12-03,Monitor,Electronics,South,6,15000,0.1925226795397173,72672.96,UPI,2025,12,December,Wednesday,0,90000,17327.041158574557,10900.944000000001,0.15,2,High
ORD00643,2025-12-03,Monitor,Electronics,West,6,15000,0.038570781353369,86528.63,Net Banking,2025,12,December,Wednesday,0,90000,3471.37032180321,12979.2945,0.15,4,High
ORD00495,2025-12-03,Phone,Electronics,South,2,30000,0.1694929631362611,49830.42,Cash,2025,12,December,Wednesday,0,60000,10169.577788175666,7474.562999999999,0.15,2,Low
ORD01018,2025-12-03,Tablet,Electronics,East,7,22000,0.232408046931056,118209.16,Net Banking,2025,12,December,Wednesday,0,154000,35790.839227382625,17731.374,0.15,3,High
ORD00179,2025-12-04,Monitor,Electronics,West,4,15000,0.158558608491682,50486.48,Card,2025,12,December,Thursday,0,60000,9513.51650950092,7572.972,0.15,4,High
ORD00840,2025-12-04,Monitor,Electronics,West,4,15000,0.1909610168220895,48542.34,Cash,2025,12,December,Thursday,0,60000,11457.66100932537,7281.351,0.15,4,Low
ORD01069,2025-12-04,Phone,Electronics,East,1,30000,0.1808578420943216,24574.26,UPI,2025,12,December,Thursday,0,30000,5425.735262829648,3686.1389999999997,0.15,3,Low
ORD00188,2025-12-04,Phone,Electronics,West,3,30000,0.0754412166742327,83210.29,Cash,2025,12,December,Thursday,0,90000,6789.709500680943,12481.543499999998,0.15,4,High
ORD00051,2025-12-05,Headphones,Accessories,South,2,3500,0.0249577642941975,6825.3,Card,2025,12,December,Friday,0,7000,174.7043500593825,1023.795,0.15,2,Low
ORD01183,2025-12-05,Headphones,Accessories,North,7,3500,0.0376501485843159,23577.57,Card,2025,12,December,Friday,0,24500,922.4286403157396,3536.6355,0.15,1,Low
ORD01131,2025-12-05,Tablet,Electronics,South,1,22000,0.1451095743007112,18807.59,UPI,2025,12,December,Friday,0,22000,3192.4106346156464,2821.1385,0.15,2,Low
ORD00512,2025-12-05,Headphones,Accessories,West,4,3500,0.0956957906950639,12660.26,UPI,2025,12,December,Friday,0,14000,1339.7410697308947,1899.039,0.15,4,Low
ORD00360,2025-12-05,Headphones,Accessories,East,6,3500,0.2167930691516765,16447.35,Net Banking,2025,12,December,Friday,0,21000,4552.6544521852065,2467.1024999999995,0.15,3,Low
ORD01004,2025-12-06,Monitor,Electronics,East,3,15000,0.0464936049689272,42907.79,Cash,2025,12,December,Saturday,1,45000,2092.212223601724,6436.1685,0.15,3,Low
ORD00040,2025-12-06,Headphones,Accessories,North,1,3500,0.0336730062308368,3382.14,Net Banking,2025,12,December,Saturday,1,3500,117.8555218079288,507.32099999999997,0.15,1,Low
ORD01148,2025-12-06,Headphones,Accessories,South,6,3500,0.2088825495277729,16613.47,Card,2025,12,December,Saturday,1,21000,4386.533540083231,2492.0205,0.15,2,Low
ORD00357,2025-12-06,Laptop,Electronics,East,7,65000,0.2325008368386793,349212.12,Net Banking,2025,12,December,Saturday,1,455000,105787.88076159908,52381.818,0.15,3,High
ORD00851,2025-12-06,Monitor,Electronics,South,2,15000,0.2469118619391154,22592.64,Card,2025,12,December,Saturday,1,30000,7407.355858173462,3388.8959999999997,0.15,2,Low
ORD01101,2025-12-06,Tablet,Electronics,South,2,22000,0.2372184392872813,33562.39,Net Banking,2025,12,December,Saturday,1,44000,10437.611328640378,5034.358499999999,0.15,2,Low
ORD00938,2025-12-06,Laptop,Electronics,South,1,65000,0.193484859659414,52423.48,Net Banking,2025,12,December,Saturday,1,65000,12576.51587786191,7863.522,0.15,2,High
ORD00448,2025-12-07,Monitor,Electronics,East,5,15000,0.1990151119064677,60073.87,UPI,2025,12,December,Sunday,1,75000,14926.133392985077,9011.0805,0.15,3,High
ORD00189,2025-12-07,Phone,Electronics,North,7,30000,0.2257472883515341,162593.07,UPI,2025,12,December,Sunday,1,210000,47406.93055382216,24388.9605,0.15,1,High
ORD01177,2025-12-07,Phone,Electronics,East,6,30000,0.2180260755008934,140755.31,UPI,2025,12,December,Sunday,1,180000,39244.69359016081,21113.2965,0.15,3,High
ORD00020,2025-12-07,Tablet,Electronics,West,4,22000,0.0165198027298487,86546.26,UPI,2025,12,December,Sunday,1,88000,1453.7426402266856,12981.938999999998,0.15,4,High
ORD01149,2025-12-08,Headphones,Accessories,South,2,3500,0.0222321857625706,6844.37,Cash,2025,12,December,Monday,0,7000,155.6253003379942,1026.6554999999998,0.14999999999999997,2,Low
ORD00397,2025-12-08,Laptop,Electronics,East,5,65000,0.0479802903527713,309406.41,Cash,2025,12,December,Monday,0,325000,15593.594364650673,46410.9615,0.15,3,High
ORD00599,2025-12-08,Headphones,Accessories,North,4,3500,0.1385713964316069,12060.0,Cash,2025,12,December,Monday,0,14000,1939.9995500424966,1809.0,0.15,1,Low
ORD00778,2025-12-08,Laptop,Electronics,South,3,65000,0.2356421000785844,149049.79,Net Banking,2025,12,December,Monday,0,195000,45950.20951532396,22357.4685,0.15,2,High
ORD00299,2025-12-09,Phone,Electronics,South,4,30000,0.0869184087089758,109569.79,Cash,2025,12,December,Tuesday,0,120000,10430.209045077096,16435.4685,0.15,2,High
ORD00216,2025-12-09,Phone,Electronics,East,6,30000,0.1989471412917425,144189.51,Cash,2025,12,December,Tuesday,0,180000,35810.485432513655,21628.4265,0.15,3,High
ORD00912,2025-12-09,Laptop,Electronics,West,5,65000,0.133312452457927,281673.45,Unknown,2025,12,December,Tuesday,0,325000,43326.54704882627,42251.0175,0.15,4,High
ORD00214,2025-12-10,Tablet,Electronics,South,6,22000,0.2358455878194632,100868.38,Card,2025,12,December,Wednesday,0,132000,31131.61759216914,15130.257,0.15,2,High
ORD00976,2025-12-10,Phone,Electronics,East,6,30000,0.1414475548435226,154539.44,Cash,2025,12,December,Wednesday,0,180000,25460.559871834066,23180.916,0.15,3,High
ORD00398,2025-12-11,Laptop,Electronics,North,6,65000,0.0438655616447719,372892.43,Card,2025,12,December,Thursday,0,390000,17107.56904146104,55933.864499999996,0.15,1,High
ORD00597,2025-12-11,Tablet,Electronics,West,7,22000,0.1422084513460797,132099.9,Net Banking,2025,12,December,Thursday,0,154000,21900.101507296276,19814.984999999997,0.15,4,High
ORD00165,2025-12-11,Tablet,Electronics,North,4,22000,0.1154317992961273,77842.0,Net Banking,2025,12,December,Thursday,0,88000,10157.998338059202,11676.3,0.15,1,High
ORD00732,2025-12-11,Tablet,Electronics,South,4,22000,0.1526010272935768,74571.11,UPI,2025,12,December,Thursday,0,88000,13428.890401834758,11185.6665,0.15,2,High
ORD00160,2025-12-11,Headphones,Accessories,South,3,3500,0.0408479250373636,10071.1,UPI,2025,12,December,Thursday,0,10500,428.9032128923178,1510.665,0.15,2,Low
ORD00701,2025-12-12,Tablet,Electronics,West,4,22000,0.1454318244896787,75202.0,UPI,2025,12,December,Friday,0,88000,12798.000555091725,11280.3,0.15,4,High
ORD00111,2025-12-12,Phone,Electronics,West,4,30000,0.11944941878910015,108225.46,Net Banking,2025,12,December,Friday,0,120000,14333.930254692017,16233.819,0.15,4,High
ORD00257,2025-12-12,Headphones,Accessories,East,7,3500,0.0564822394791956,23116.19,Cash,2025,12,December,Friday,0,24500,1383.8148672402922,3467.4284999999995,0.15,3,Low
ORD00206,2025-12-13,Phone,Electronics,West,2,30000,0.0715118254600988,55709.29,Cash,2025,12,December,Saturday,1,60000,4290.709527605927,8356.3935,0.15,4,High
ORD00308,2025-12-13,Tablet,Electronics,North,4,22000,0.114927366113398,77886.39,Net Banking,2025,12,December,Saturday,1,88000,10113.608217979025,11682.958499999999,0.15,1,High
ORD00582,2025-12-13,Monitor,Electronics,South,3,15000,0.1991429324506728,36038.57,UPI,2025,12,December,Saturday,1,45000,8961.431960280275,5405.7855,0.15,2,Low
ORD00400,2025-12-13,Phone,Electronics,West,5,30000,0.0661779276548843,140073.31,Card,2025,12,December,Saturday,1,150000,9926.689148232645,21010.996499999997,0.15,4,High
ORD00873,2025-12-14,Laptop,Electronics,West,3,65000,0.0698718433925474,181374.99,Cash,2025,12,December,Sunday,1,195000,13625.009461546742,27206.248499999998,0.15,4,High
ORD00848,2025-12-15,Laptop,Electronics,South,4,65000,0.1367469468945545,224445.79,Net Banking,2025,12,December,Monday,0,260000,35554.20619258417,33666.8685,0.14999999999999997,2,High
ORD00270,2025-12-16,Tablet,Electronics,East,1,22000,0.0422182604031786,21071.2,UPI,2025,12,December,Tuesday,0,22000,928.8017288699292,3160.68,0.15,3,Low
ORD01098,2025-12-16,Headphones,Accessories,North,4,3500,0.0107938062642211,13848.89,Card,2025,12,December,Tuesday,0,14000,151.1132876990954,2077.3334999999997,0.15,1,Low
ORD00072,2025-12-16,Laptop,Electronics,East,1,65000,0.0951830903042862,58813.1,UPI,2025,12,December,Tuesday,0,65000,6186.900869778603,8821.965,0.15,3,High
ORD00915,2025-12-16,Tablet,Electronics,North,6,22000,0.0035311833692059,131533.88,Card,2025,12,December,Tuesday,0,132000,466.1162047351788,19730.082,0.15,1,High
ORD00137,2025-12-17,Headphones,Accessories,North,5,3500,0.0469023231912583,16679.21,Net Banking,2025,12,December,Wednesday,0,17500,820.7906558470202,2501.8815,0.15,1,Low
ORD00444,2025-12-17,Tablet,Electronics,West,5,22000,0.0501406178303885,104484.53,Cash,2025,12,December,Wednesday,0,110000,5515.467961342735,15672.679499999998,0.15,4,High
ORD00182,2025-12-17,Laptop,Electronics,West,2,65000,0.0089747215018397,128833.29,UPI,2025,12,December,Wednesday,0,130000,1166.713795239161,19324.993499999997,0.15,4,High
ORD00631,2025-12-17,Headphones,Accessories,South,3,3500,0.1170801336735827,9270.66,UPI,2025,12,December,Wednesday,0,10500,1229.3414035726184,1390.599,0.15,2,Low
ORD00253,2025-12-18,Laptop,Electronics,South,1,65000,0.2160342072981812,50957.78,Net Banking,2025,12,December,Thursday,0,65000,14042.223474381779,7643.6669999999995,0.15,2,High
ORD01175,2025-12-18,Laptop,Electronics,North,5,65000,0.0912618117211896,295339.91,Net Banking,2025,12,December,Thursday,0,325000,29660.088809386623,44300.98649999999,0.15,1,High
ORD00187,2025-12-19,Laptop,Electronics,South,4,65000,0.176449250907372,214123.19,Net Banking,2025,12,December,Friday,0,260000,45876.80523591673,32118.478499999997,0.15,2,High
ORD01124,2025-12-20,Phone,Electronics,East,5,30000,0.0200693301010092,146989.6,Card,2025,12,December,Saturday,1,150000,3010.39951515138,22048.44,0.15,3,High
ORD01014,2025-12-20,Phone,Electronics,South,1,30000,0.1205940011572786,26382.18,Cash,2025,12,December,Saturday,1,30000,3617.820034718358,3957.3269999999998,0.15,2,Low
ORD00294,2025-12-21,Phone,Electronics,East,3,30000,0.1954392618934863,72410.47,Card,2025,12,December,Sunday,1,90000,17589.533570413765,10861.5705,0.15,3,High
ORD00622,2025-12-21,Tablet,Electronics,West,6,22000,0.1229531453532274,115770.18,Cash,2025,12,December,Sunday,1,132000,16229.815186626018,17365.527,0.15,4,High
ORD00994,2025-12-22,Tablet,Electronics,East,2,22000,0.0147121343331079,43352.67,Cash,2025,12,December,Monday,0,44000,647.3339106567477,6502.9005,0.15,3,Low
ORD00849,2025-12-22,Monitor,Electronics,South,6,15000,0.0366858083019131,86698.28,Cash,2025,12,December,Monday,0,90000,3301.722747172179,13004.742,0.15,2,High
ORD00024,2025-12-22,Monitor,Electronics,West,5,15000,0.1615726908071398,62882.05,Card,2025,12,December,Monday,0,75000,12117.951810535484,9432.3075,0.15,4,High
ORD00035,2025-12-23,Monitor,Electronics,North,5,15000,0.05352307233418,70985.77,Card,2025,12,December,Tuesday,0,75000,4014.2304250635,10647.8655,0.15,1,High
ORD00121,2025-12-23,Tablet,Electronics,North,1,22000,0.124104370609827,19269.7,UPI,2025,12,December,Tuesday,0,22000,2730.296153416194,2890.455,0.15,1,Low
ORD00921,2025-12-24,Monitor,Electronics,South,6,15000,0.0684765421515113,83837.11,Card,2025,12,December,Wednesday,0,90000,6162.888793636017,12575.566499999999,0.15,2,High
ORD00850,2025-12-24,Headphones,Accessories,North,12,3500,0.0840714576068404,16028.75,Net Banking,2025,12,December,Wednesday,0,42000,3531.0012194872966,2404.3125,0.15,1,Low
ORD00850,2025-12-24,Headphones,Accessories,North,5,3500,0.0840714576068404,16028.75,Net Banking,2025,12,December,Wednesday,0,17500,1471.250508119707,2404.3125,0.15,1,Low
ORD01198,2025-12-24,Monitor,Electronics,West,3,15000,0.0473728192968039,42868.22,UPI,2025,12,December,Wednesday,0,45000,2131.7768683561753,6430.233,0.15,4,Low
ORD00984,2025-12-25,Headphones,Accessories,North,5,3500,0.0355259814629106,16878.3,Net Banking,2025,12,December,Thursday,0,17500,621.7046756009355,2531.745,0.15,1,Low
ORD00163,2025-12-26,Tablet,Electronics,North,3,22000,0.1546786945424105,55791.21,UPI,2025,12,December,Friday,0,66000,10208.793839799093,8368.681499999999,0.14999999999999997,1,High
ORD00990,2025-12-27,Headphones,Accessories,North,5,3500,0.2323997430017928,13433.0,UPI,2025,12,December,Saturday,1,17500,4066.9955025313743,2014.9499999999998,0.15,1,Low
ORD01082,2025-12-27,Monitor,Electronics,West,3,15000,0.0470260570303378,42883.83,Card,2025,12,December,Saturday,1,45000,2116.172566365201,6432.5745,0.15,4,Low
ORD00788,2025-12-27,Headphones,Accessories,North,2,3500,0.1732316476464637,5787.38,Card,2025,12,December,Saturday,1,7000,1212.621533525246,868.107,0.15,1,Low
ORD00588,2025-12-27,Laptop,Electronics,South,1,65000,0.171512467376475,53851.69,Cash,2025,12,December,Saturday,1,65000,11148.310379470875,8077.7535,0.15,2,High
ORD00193,2025-12-28,Headphones,Accessories,South,7,3500,0.0293760955631503,23780.29,Card,2025,12,December,Sunday,1,24500,719.7143412971823,3567.0435,0.15,2,Low
ORD00740,2025-12-28,Monitor,Electronics,South,2,15000,0.0106379544116941,29680.86,UPI,2025,12,December,Sunday,1,30000,319.138632350823,4452.129,0.15,2,Low
ORD01087,2025-12-28,Monitor,Electronics,South,7,15000,0.2220071895568877,81689.25,UPI,2025,12,December,Sunday,1,105000,23310.754903473207,12253.387499999999,0.15,2,High
ORD00636,2025-12-28,Headphones,Accessories,North,1,3500,0.0237968845842435,3416.71,Cash,2025,12,December,Sunday,1,3500,83.28909604485226,512.5065,0.15,1,Low
ORD00699,2025-12-28,Laptop,Electronics,South,6,65000,0.0162366948024859,383667.69,Net Banking,2025,12,December,Sunday,1,390000,6332.310972969501,57550.1535,0.15,2,High
ORD00681,2025-12-28,Headphones,Accessories,North,3,3500,0.1263757048392667,9173.06,Card,2025,12,December,Sunday,1,10500,1326.9449008123001,1375.9589999999998,0.15,1,Low
ORD00502,2025-12-29,Headphones,Accessories,West,2,3500,0.2460463162369999,5277.68,Card,2025,12,December,Monday,0,7000,1722.3242136589993,791.652,0.15,4,Low
ORD01139,2025-12-29,Headphones,Accessories,North,1,3500,0.1419363997734382,3003.22,Cash,2025,12,December,Monday,0,3500,496.7773992070337,450.48299999999995,0.15,1,Low
ORD00313,2025-12-29,Laptop,Electronics,North,6,65000,0.1567062456960521,328884.56,Card,2025,12,December,Monday,0,390000,61115.43582146032,49332.684,0.15,1,High
ORD00485,2025-12-29,Tablet,Electronics,East,3,22000,0.0294609752264577,64055.58,Cash,2025,12,December,Monday,0,66000,1944.4243649462082,9608.337,0.15,3,High
ORD00461,2025-12-29,Headphones,Accessories,North,5,3500,0.0404853925624077,16791.51,Cash,2025,12,December,Monday,0,17500,708.4943698421347,2518.7264999999998,0.15,1,Low
ORD00239,2025-12-30,Phone,Electronics,West,3,30000,0.234044232910049,68936.02,Cash,2025,12,December,Tuesday,0,90000,21063.98096190441,10340.403,0.15,4,High
ORD00340,2025-12-30,Monitor,Electronics,East,5,15000,0.1120601582926517,66595.49,Cash,2025,12,December,Tuesday,0,75000,8404.511871948878,9989.3235,0.15,3,High
ORD01008,2025-12-30,Tablet,Electronics,East,6,22000,0.1106640037900645,117392.35,Card,2025,12,December,Tuesday,0,132000,14607.648500288513,17608.8525,0.15,3,High
ORD00802,2025-12-31,Phone,Electronics,North,1,30000,0.1115973730359273,26652.08,Cash,2025,12,December,Wednesday,0,30000,3347.921191077819,3997.812,0.15,1,Low
ORD00082,2025-12-31,Tablet,Electronics,South,6,22000,0.1021673443416782,118513.91,Card,2025,12,December,Wednesday,0,132000,13486.089453101524,17777.0865,0.15,2,High
ORD01042,2025-12-31,Monitor,Electronics,East,5,15000,0.0151576855473512,73863.17,Net Banking,2025,12,December,Wednesday,0,75000,1136.82641605134,11079.475499999999,0.15,3,High
