order_id,order_date,product,category,region,quantity,unit_price,discount,revenue,payment_method
ORD00001,2025-08-12,Laptop,Electronics,East,7,65000,0.14160516270241116,390569.65,Cash
ORD00002,2025-08-06,Headphones,Accessories,West,4,3500,0.13772719212260073,12071.82,Card
ORD00003,2025-03-22,Headphones,Accessories,East,7,3500,0.20713673120969645,19425.15,Card
ORD00004,2025-10-17,Tablet,Electronics,East,6,22000,0.17763319293566945,108552.42,UPI
ORD00005,2025-09-10,Tablet,Electronics,South,5,22000,0.006644441249322924,109269.11,UPI
ORD00006,2025-10-02,Monitor,Electronics,North,7,15000,0.012364784286503921,103701.7,Cash
ORD00007,2025-06-20,Laptop,Electronics,South,4,65000,0.15038961311400392,220898.7,Net Banking
ORD00008,2025-11-22,Headphones,Accessories,East,6,3500,0.12154801890556888,18447.49,UPI
ORD00009,2025-05-23,Phone,Electronics,North,2,30000,0.06504616383574785,56097.23,Card
ORD00010,2025-10-22,Laptop,Electronics,North,7,65000,0.10466402182870041,407377.87,Net Banking
ORD00011,2025-03-16,Tablet,Electronics,South,5,22000,0.18947757968321513,89157.47,Net Banking
ORD00012,2025-04-01,Monitor,Electronics,West,6,15000,0.2066528711644825,71401.24,UPI
ORD00013,2025-07-12,Headphones,Accessories,East,4,3500,0.14030576697251104,12035.72,Cash
ORD00014,2025-07-22,Headphones,Accessories,East,7,3500,0.09634237021427575,22139.61,UPI
ORD00015,2025-09-30,Headphones,Accessories,East,1,3500,0.06767419037377675,3263.14,UPI
ORD00016,2025-04-19,Headphones,Accessories,North,1,3500,0.13047961769231337,3043.32,UPI
ORD00017,2025-11-15,Tablet,Electronics,South,4,22000,0.07868740464109525,81075.51,Cash
ORD00018,2025-05-01,Laptop,Electronics,North,6,65000,0.14102378426180573,335000.72,UPI
ORD00019,2025-07-14,Monitor,Electronics,West,6,15000,0.16916309562740942,74775.32,Card
ORD00020,2025-12-07,Tablet,Electronics,West,4,22000,0.01651980272984871,86546.26,UPI
ORD00021,2025-07-16,Tablet,Electronics,South,5,22000,0.00026686625568680955,109970.64,Card
ORD00022,2025-09-06,Phone,Electronics,South,4,30000,0.05306928471018574,113631.69,Cash
ORD00023,2025-11-28,Laptop,Electronics,South,7,65000,0.22362787442969526,353249.32,Card
ORD00024,2025-12-22,Monitor,Electronics,West,5,15000,0.1615726908071398,62882.05,Card
ORD00025,2025-07-02,Headphones,Accessories,South,3,3500,0.042990087984255715,10048.6,Cash
ORD00026,2025-06-02,Headphones,Accessories,West,7,3500,0.2225659904559047,19047.13,Cash
ORD00027,2025-03-13,Tablet,Electronics,South,1,22000,0.117488985071835,19415.24,UPI
ORD00028,2025-07-16,Monitor,Electronics,East,7,15000,0.11902293916966517,92502.59,Net Banking
ORD00029,2025-12-02,Tablet,Electronics,East,2,22000,0.23388548596066377,33709.04,Net Banking
ORD00030,2025-06-27,Tablet,Electronics,South,3,22000,0.014871673045835004,65018.47,Cash
ORD00031,2025-05-08,Tablet,Electronics,West,6,22000,0.05379456865717963,124899.12,Cash
ORD00032,2025-02-09,Phone,Electronics,East,6,30000,0.1464428312886806,153640.29,Cash
ORD00033,2025-05-23,Laptop,Electronics,West,7,65000,0.04887162739550102,432763.41,Card
ORD00034,2025-03-28,Tablet,Electronics,,6,22000,0.16988175230223945,109575.61,Card
ORD00035,2025-12-23,Monitor,Electronics,North,5,15000,0.05352307233418005,70985.77,Card
ORD00036,2025-07-12,Laptop,Electronics,North,3,65000,0.024789242649703586,190166.1,UPI
ORD00037,2025-02-20,Monitor,Electronics,East,1,15000,0.051746289910209936,14223.81,Net Banking
ORD00038,2025-01-25,Monitor,Electronics,South,1,15000,0.10568350856801556,13414.75,Card
ORD00039,2025-11-07,Phone,Electronics,South,3,30000,0.04403457479326997,86036.89,Card
ORD00040,2025-12-06,Headphones,Accessories,North,1,3500,0.03367300623083683,3382.14,Net Banking
ORD00041,2025-10-06,Laptop,Electronics,South,4,65000,0.21507047155473522,204081.68,Cash
ORD00042,2025-02-15,Headphones,Accessories,South,6,3500,0.08009930089932696,19317.91,Cash
ORD00043,2025-02-05,Headphones,Accessories,South,7,3500,0.0901896716295634,22290.35,UPI
ORD00044,2025-03-14,Phone,Electronics,East,4,30000,0.013817602375306909,118341.89,Card
ORD00045,2025-10-02,Laptop,Electronics,East,7,65000,0.08934240587551354,414349.21,Cash
ORD00046,2025-10-07,Monitor,Electronics,South,7,15000,0.06620179433039491,98048.81,Card
ORD00047,2025-11-02,Tablet,Electronics,North,7,22000,0.15262126683544713,130496.32,UPI
ORD00048,2025-02-05,Monitor,Electronics,East,4,15000,0.05134757441810167,56919.15,Net Banking
ORD00049,2025-02-25,Headphones,Accessories,North,3,3500,0.22209136326571013,8168.04,Card
ORD00050,2025-11-25,Headphones,Accessories,South,7,3500,0.23241665522988877,18805.79,Cash
ORD00051,2025-12-05,Headphones,Accessories,South,2,3500,0.02495776429419755,6825.3,Card
ORD00052,2025-09-22,Laptop,Electronics,North,3,65000,0.026850739072144303,189764.11,Cash
ORD00053,2025-02-08,Phone,Electronics,South,1,30000,0.028831609527746993,29135.05,Net Banking
ORD00054,2025-01-26,Tablet,Electronics,South,6,22000,0.154892314077578,111554.21,Net Banking
ORD00055,2025-01-21,Tablet,Electronics,West,5,22000,0.030492241052405722,106645.85,UPI
ORD00056,2025-09-10,Laptop,Electronics,West,1,65000,0.21309557948256658,51148.79,Cash
ORD00057,2025-11-05,Tablet,Electronics,North,2,22000,0.18856787873447312,35703.01,Net Banking
ORD00058,2025-08-19,Laptop,Electronics,East,4,65000,0.20495221455950602,206712.42,Cash
ORD00059,2025-04-06,Headphones,Accessories,East,4,3500,0.13151513172150522,12158.79,UPI
ORD00060,2025-10-04,Headphones,Accessories,South,6,3500,0.24916930287978836,15767.44,UPI
ORD00061,2025-01-22,Monitor,Electronics,South,2,15000,0.011043775736040318,29668.69,UPI
ORD00062,2025-10-30,Headphones,Accessories,West,7,3500,0.10031624104652834,22042.25,UPI
ORD00063,2025-11-22,Phone,Electronics,South,4,30000,0.08098416723440904,110281.9,Net Banking
ORD00064,2025-09-20,Monitor,Electronics,North,6,15000,0.23716137467816026,68655.48,Net Banking
ORD00065,2025-11-17,Tablet,Electronics,South,2,22000,0.14421523962439822,37654.53,Cash
ORD00066,2025-08-02,Phone,Electronics,South,1,30000,0.2015477413611813,23953.57,Cash
ORD00067,2025-06-20,Monitor,Electronics,South,1,15000,0.04258529841462971,14361.22,Net Banking
ORD00068,2025-04-28,Phone,Electronics,North,3,30000,0.24465853597510973,67980.73,Card
ORD00069,2025-12-03,Laptop,Electronics,North,7,65000,0.1246598867190788,398279.75,Card
ORD00070,2025-09-12,Tablet,Electronics,West,1,22000,0.12341801906766145,19284.8,Cash
ORD00071,2025-03-11,Headphones,Accessories,North,3,3500,0.24272118213643445,7951.43,Card
ORD00072,2025-12-16,Laptop,Electronics,East,1,65000,0.09518309030428626,58813.1,UPI
ORD00073,2025-01-22,Tablet,Electronics,East,7,22000,0.09938125613874824,138695.29,Cash
ORD00074,2025-08-03,Laptop,Electronics,,5,65000,0.14618817570123416,277488.84,Net Banking
ORD00075,2025-03-11,Headphones,Accessories,West,6,3500,0.032013152636946735,20327.72,UPI
ORD00076,2025-08-31,Tablet,Electronics,North,5,22000,0.08027140660296372,101170.15,UPI
ORD00077,2025-05-31,Phone,Electronics,South,5,30000,0.04830208061128263,142754.69,Card
ORD00078,2025-06-09,Phone,Electronics,North,6,30000,0.0258208697767624,175352.24,Net Banking
ORD00079,2025-09-03,Tablet,Electronics,East,1,22000,0.21653615158275502,17236.2,Cash
ORD00080,2025-10-03,Headphones,Accessories,East,7,3500,,20890.35,Cash
ORD00081,2025-05-19,Monitor,Electronics,West,6,15000,0.0896681978819778,81929.86,Cash
ORD00082,2025-12-31,Tablet,Electronics,South,6,22000,0.1021673443416782,118513.91,Card
ORD00083,2025-07-01,Laptop,Electronics,North,3,65000,0.10787975092183866,173963.45,Cash
ORD00084,2025-02-28,Monitor,Electronics,West,6,15000,,75754.14,UPI
ORD00085,2025-01-03,Headphones,Accessories,East,3,3500,0.23169234787224832,8067.23,UPI
ORD00086,2025-03-15,Headphones,Accessories,West,1,3500,0.23319490491424563,2683.82,Net Banking
ORD00087,2025-09-10,Laptop,Electronics,South,7,65000,0.09787299488266585,410467.79,Cash
ORD00088,2025-07-16,Phone,Electronics,South,2,30000,0.08231561489944239,55061.06,UPI
ORD00089,2025-05-04,Headphones,Accessories,South,1,3500,0.11276162504631376,3105.33,Card
ORD00090,2025-06-25,Monitor,Electronics,East,5,15000,0.14198355760712314,64351.23,UPI
ORD00091,2025-11-02,Tablet,Electronics,North,2,22000,0.11545447786243707,38920.0,Cash
ORD00092,2025-07-28,Monitor,Electronics,West,7,15000,0.16468835245417524,87707.72,Net Banking
ORD00093,2025-01-22,Monitor,Electronics,North,4,15000,0.13859975584494091,51684.01,Card
ORD00094,2025-01-18,Phone,Electronics,South,1,30000,0.08017888667351902,27594.63,Card
ORD00095,2025-06-25,Monitor,Electronics,South,7,15000,0.08643270144065815,95924.57,UPI
ORD00096,2025-05-28,Phone,Electronics,East,4,30000,0.09464819688993273,108642.22,Card
ORD00097,2025-11-07,Phone,Electronics,East,2,30000,0.023659942062347172,58580.4,Card
ORD00098,2025-08-01,Headphones,Accessories,West,5,3500,0.04151565810349328,16773.48,UPI
ORD00099,2025-10-04,Headphones,Accessories,West,4,3500,0.18077845053634653,11469.1,Card
ORD00100,2025-08-02,Laptop,Electronics,North,1,65000,0.09727417788052001,58677.18,Net Banking
ORD00101,2025-05-07,Monitor,Electronics,North,6,15000,0.05363474314003591,85172.87,Net Banking
ORD00102,2025-08-28,Laptop,Electronics,West,3,65000,0.14066810264371432,167569.72,Card
ORD00103,2025-08-15,Monitor,Electronics,South,5,15000,0.1888848856183568,60833.63,Net Banking
ORD00104,2025-09-20,Laptop,Electronics,North,7,65000,0.06435559058634285,425718.21,UPI
ORD00105,2025-03-11,Headphones,Accessories,West,5,3500,0.20669747048093612,13882.79,Net Banking
ORD00106,2025-08-23,Headphones,Accessories,East,5,3500,0.2318762149062624,13442.17,Card
ORD00107,2025-04-15,Headphones,Accessories,North,2,3500,0.14934863226846018,5954.56,Cash
ORD00108,2025-10-16,Headphones,Accessories,West,2,3500,0.1672369147478949,5829.34,UPI
ORD00109,2025-10-19,Tablet,Electronics,East,3,22000,0.013143997580763844,65132.5,Net Banking
ORD00110,2025-08-17,Headphones,Accessories,East,6,3500,0.23637997275547662,16036.02,Card
ORD00111,2025-12-12,Phone,Electronics,West,4,30000,,108225.46,Net Banking
ORD00112,2025-07-16,Headphones,Accessories,South,3,3500,0.23097510013635747,8074.76,UPI
ORD00113,2025-01-10,Tablet,Electronics,South,6,22000,0.14474438118756064,112893.74,Cash
ORD00114,2025-08-10,Tablet,Electronics,East,6,22000,0.0011546997108319024,131847.58,UPI
ORD00115,2025-10-11,Tablet,Electronics,North,7,22000,0.009635499830858929,152516.13,Net Banking
ORD00116,2025-02-06,Tablet,Electronics,North,3,22000,0.1701047014174805,54773.09,Card
ORD00117,2025-02-08,Laptop,Electronics,West,5,65000,0.14066700345798328,279283.22,Cash
ORD00118,2025-04-10,Laptop,Electronics,North,5,65000,0.006633109301518586,322844.24,Net Banking
ORD00119,2025-11-05,Phone,Electronics,East,4,30000,0.18586499030559633,97696.2,Cash
ORD00120,2025-07-12,Laptop,Electronics,South,3,65000,0.21303633426729543,153457.91,UPI
ORD00121,2025-12-23,Tablet,Electronics,North,1,22000,0.12410437060982707,19269.7,UPI
ORD00122,2025-11-15,Headphones,Accessories,East,2,3500,0.11643936008931374,6184.92,UPI
ORD00123,2025-07-22,Headphones,Accessories,West,4,3500,0.0013682772086568706,13980.84,Net Banking
ORD00124,2025-09-05,Tablet,Electronics,South,7,22000,0.19666242812339982,123713.99,Net Banking
ORD00125,2025-05-01,Monitor,Electronics,North,7,15000,0.08267901668652636,96318.7,
ORD00126,2025-02-02,Tablet,Electronics,North,2,22000,0.2196909049456349,34333.6,Net Banking
ORD00127,2025-05-26,Laptop,Electronics,North,5,65000,0.09326514688951326,294688.83,UPI
ORD00128,2025-08-05,Headphones,Accessories,West,1,3500,0.1412694776576764,3005.56,Cash
ORD00129,2025-03-08,Tablet,Electronics,South,5,22000,0.06758544704983188,102565.6,Card
ORD00130,2025-03-22,Headphones,Accessories,South,3,3500,0.04014707814622967,10078.46,UPI
ORD00131,2025-01-06,Tablet,Electronics,North,4,22000,0.193726975845332,70952.03,Card
ORD00132,2025-09-25,Tablet,Electronics,South,6,22000,0.1241476197115704,115612.51,Card
ORD00133,2025-11-25,Laptop,Electronics,West,3,65000,0.13412198093806268,168846.21,Card
ORD00134,2025-10-30,Tablet,Electronics,South,6,22000,0.24135398837043387,100141.27,UPI
ORD00135,2025-05-19,Headphones,Accessories,East,4,3500,0.24089497805553842,10627.47,Card
ORD00136,2025-08-05,Phone,Electronics,North,7,30000,0.21391053042560088,165078.79,UPI
ORD00137,2025-12-17,Headphones,Accessories,North,5,3500,0.046902323191258394,16679.21,Net Banking
ORD00138,2025-08-04,Laptop,Electronics,East,3,65000,0.14856817357539498,166029.21,Card
ORD00139,2025-04-18,Phone,Electronics,North,6,30000,0.21953685616388435,140483.37,UPI
ORD00140,2025-05-04,Tablet,Electronics,South,3,22000,0.09361598411223443,59821.35,Cash
ORD00141,2025-09-23,Monitor,Electronics,South,4,15000,0.025276541483896242,58483.41,Net Banking
ORD00142,2025-06-12,Phone,Electronics,North,1,30000,0.20274072555998046,23917.78,Card
ORD00143,2025-11-02,Phone,Electronics,East,1,30000,0.12044088784054291,26386.77,Net Banking
ORD00144,2025-11-12,Tablet,Electronics,West,5,22000,0.14109817008979464,94479.2,Cash
ORD00145,2025-01-14,Monitor,Electronics,North,2,15000,0.2455360740794611,22633.92,Cash
ORD00146,2025-09-22,Monitor,Electronics,West,7,15000,0.15180285762351803,89060.7,Card
ORD00147,2025-05-16,Laptop,Electronics,East,6,65000,0.10624484641652535,348564.51,UPI
ORD00148,2025-07-09,Phone,Electronics,East,5,30000,0.09249609196179945,136125.59,Card
ORD00149,2025-04-07,Monitor,Electronics,North,6,15000,0.1044048231635114,80603.57,Net Banking
ORD00150,2025-05-15,Laptop,Electronics,West,5,65000,0.02959977079466719,315380.07,Net Banking
ORD00151,2025-05-01,Monitor,Electronics,North,1,15000,0.19868763960439295,12019.69,Net Banking
ORD00152,2025-01-19,Phone,Electronics,West,3,30000,0.20942921454676028,71151.37,Net Banking
ORD00153,2025-10-13,Monitor,Electronics,East,4,15000,0.07109928364335222,55734.04,Card
ORD00154,2025-02-22,Phone,Electronics,South,7,30000,0.07594915460248602,194050.68,Card
ORD00155,2025-05-18,Tablet,Electronics,North,2,22000,0.2185835640837033,34382.32,Net Banking
ORD00156,2025-03-12,Headphones,Accessories,East,4,3500,0.005992588881988864,13916.1,Cash
ORD00157,2025-02-28,Laptop,Electronics,North,3,65000,0.13011436094180692,169627.7,Card
ORD00158,2025-05-17,Tablet,Electronics,East,1,22000,0.11591892867037526,19449.78,Card
ORD00159,2025-12-02,Tablet,Electronics,West,1,22000,0.17253169239461494,18204.3,Net Banking
ORD00160,2025-12-11,Headphones,Accessories,South,3,3500,0.04084792503736362,10071.1,UPI
ORD00161,2025-05-20,Monitor,Electronics,North,1,15000,0.16708268519878844,12493.76,UPI
ORD00162,2025-07-04,Headphones,Accessories,North,1,3500,0.09418350196871911,3170.36,Cash
ORD00163,2025-12-26,Tablet,Electronics,North,3,22000,0.1546786945424105,55791.21,UPI
ORD00164,2025-03-27,Tablet,Electronics,North,2,22000,0.01002375246819398,43558.95,UPI
ORD00165,2025-12-11,Tablet,Electronics,North,4,22000,0.11543179929612735,77842.0,Net Banking
ORD00166,2025-02-08,Monitor,Electronics,East,1,15000,0.13056272349559303,13041.56,Card
ORD00167,2025-03-24,Phone,Electronics,South,3,30000,0.05358160071374665,85177.66,Cash
ORD00168,2025-05-04,Laptop,Electronics,West,4,65000,0.034905913544780176,250924.46,Card
ORD00169,2025-01-14,Phone,Electronics,West,7,30000,0.04711857575307535,200105.1,UPI
ORD00170,2025-10-25,Laptop,Electronics,West,5,65000,0.08603526951583701,297038.54,UPI
ORD00171,2025-11-09,Laptop,Electronics,East,7,65000,0.024202537326242862,443987.85,Net Banking
ORD00172,2025-05-20,Laptop,Electronics,South,3,65000,0.2368299489324011,148818.16,UPI
ORD00173,2025-11-02,Headphones,Accessories,West,4,3500,0.10124851537395432,12582.52,Cash
ORD00174,2025-10-09,Headphones,Accessories,North,3,3500,0.20224240062668725,8376.45,Card
ORD00175,2025-10-20,Headphones,Accessories,South,7,3500,0.24360428077721166,18531.7,Card
ORD00176,2025-10-20,Tablet,Electronics,South,7,22000,0.020183820000684777,150891.69,Net Banking
ORD00177,2025-07-29,Headphones,Accessories,East,7,3500,0.1629173669837485,20508.52,Cash
ORD00178,2025-02-10,Laptop,Electronics,East,6,65000,0.2178522716853035,305037.61,Cash
ORD00179,2025-12-04,Monitor,Electronics,West,4,15000,0.15855860849168207,50486.48,Card
ORD00180,2025-08-11,Tablet,Electronics,West,4,22000,0.10725653033935317,78561.43,Card
ORD00181,2025-11-25,Monitor,Electronics,South,7,15000,0.10776908940948457,93684.25,Cash
ORD00182,2025-12-17,Laptop,Electronics,West,2,65000,0.008974721501839727,128833.29,UPI
ORD00183,2025-03-10,Tablet,Electronics,North,3,22000,0.13365018782231883,57179.09,UPI
ORD00184,2025-05-27,Headphones,Accessories,West,7,3500,0.24838574919671186,18414.55,Cash
ORD00185,2025-03-12,Tablet,Electronics,North,3,22000,0.23967688149298352,50181.33,Cash
ORD00186,2025-01-19,Tablet,Electronics,West,2,22000,0.010099807210540795,43555.61,UPI
ORD00187,2025-12-19,Laptop,Electronics,South,4,65000,0.17644925090737204,214123.19,Net Banking
ORD00188,2025-12-04,Phone,Electronics,West,3,30000,0.0754412166742327,83210.29,Cash
ORD00189,2025-12-07,Phone,Electronics,North,7,30000,0.22574728835153418,162593.07,UPI
ORD00190,2025-11-19,Phone,Electronics,South,7,30000,0.011278686427319634,207631.48,Net Banking
ORD00191,2025-08-25,Headphones,Accessories,West,3,3500,0.23396852550277014,8043.33,Net Banking
ORD00192,2025-07-10,Headphones,Accessories,North,4,3500,0.20936893594694422,11068.83,Card
ORD00193,2025-12-28,Headphones,Accessories,South,7,3500,0.02937609556315038,23780.29,Card
ORD00194,2025-07-21,Phone,Electronics,North,6,30000,0.014956084329324798,177307.9,Card
ORD00195,2025-08-23,Monitor,Electronics,South,2,15000,0.20867691608173397,23739.69,Cash
ORD00196,2025-03-19,Laptop,Electronics,South,5,65000,0.038939417743644844,312344.69,UPI
ORD00197,2025-09-30,Phone,Electronics,East,5,30000,0.13372453824396763,129941.32,Card
ORD00198,2025-10-27,Laptop,Electronics,South,5,65000,0.22893621446967738,250595.73,UPI
ORD00199,2025-09-05,Phone,Electronics,North,1,30000,0.14186202838733084,25744.14,UPI
ORD00200,2025-07-01,Monitor,Electronics,North,3,15000,0.09930832536820602,40531.13,Card
ORD00201,2025-03-14,Phone,Electronics,West,6,30000,0.11125401371349805,159974.28,Cash
ORD00202,2025-01-13,Monitor,Electronics,West,2,15000,0.015779292675967754,29526.62,Net Banking
ORD00203,2025-08-17,Tablet,Electronics,North,3,22000,0.2421880803403997,50015.59,UPI
ORD00204,2025-09-07,Headphones,Accessories,North,3,3500,0.0776635462702707,9684.53,UPI
ORD00205,2025-10-10,Tablet,Electronics,North,2,22000,0.047340872918213456,41917.0,Card
ORD00206,2025-12-13,Phone,Electronics,West,2,30000,0.07151182546009882,55709.29,Cash
ORD00207,2025-07-01,Headphones,Accessories,East,3,3500,0.24109329872286972,7968.52,Net Banking
ORD00208,2025-10-30,Monitor,Electronics,West,7,15000,0.02357151337200175,102524.99,Cash
ORD00209,2025-09-19,Phone,Electronics,South,1,30000,0.21682576012529534,23495.23,Cash
ORD00210,2025-04-12,Headphones,Accessories,East,2,3500,0.17696097360036195,5761.27,UPI
ORD00211,2025-11-05,Phone,Electronics,North,1,30000,0.20750479478975703,23774.86,UPI
ORD00212,2025-01-20,Headphones,Accessories,East,4,3500,0.24397438509197408,10584.36,UPI
ORD00213,2025-08-07,Headphones,Accessories,East,2,3500,0.21053866387921796,5526.23,Cash
ORD00214,2025-12-10,Tablet,Electronics,South,6,22000,0.23584558781946321,100868.38,Card
ORD00215,2025-08-29,Headphones,Accessories,East,5,3500,0.03173381419772994,16944.66,UPI
ORD00216,2025-12-09,Phone,Electronics,East,6,30000,0.1989471412917425,144189.51,Cash
ORD00217,2025-01-21,Laptop,Electronics,South,5,65000,0.13641892352026194,280663.85,Net Banking
ORD00218,2025-07-14,Laptop,Electronics,North,4,65000,0.13587389876996517,224672.79,Card
ORD00219,2025-10-12,Tablet,Electronics,North,7,22000,0.2247303940801284,119391.52,Net Banking
ORD00220,2025-08-23,Monitor,Electronics,West,4,15000,0.24295095466167782,45422.94,Cash
ORD00221,2025-11-18,Laptop,Electronics,South,7,65000,0.17620958076079524,374824.64,Cash
ORD00222,2025-06-18,Tablet,Electronics,South,7,22000,0.12073459736794598,135406.87,Net Banking
ORD00223,2025-09-07,Headphones,Accessories,East,5,3500,0.11410096447546134,15503.23,UPI
ORD00224,2025-06-03,Phone,Electronics,South,5,30000,0.09658536430579545,135512.2,Net Banking
ORD00225,2025-11-15,Headphones,Accessories,South,2,3500,0.09039975739316566,6367.2,Net Banking
ORD00226,2025-02-13,Phone,Electronics,,6,30000,0.09787671042110785,162382.19,Net Banking
ORD00227,2025-04-03,Monitor,Electronics,East,5,15000,0.02243830881279882,73317.13,Cash
ORD00228,2025-02-05,Tablet,Electronics,East,7,22000,0.019359021315109554,151018.71,Net Banking
ORD00229,2025-09-14,Tablet,Electronics,North,2,22000,0.19496746096807793,35421.43,Net Banking
ORD00230,2025-03-26,Laptop,Electronics,South,6,65000,0.11151822323005653,346507.89,Net Banking
ORD00231,2025-04-26,Tablet,Electronics,South,4,22000,0.23267112213615512,67524.94,Net Banking
ORD00232,2025-11-02,Monitor,Electronics,East,2,15000,0.1530552521484881,25408.34,Net Banking
ORD00233,2025-05-12,Laptop,Electronics,North,2,65000,0.008793995546104938,128856.78,Card
ORD00234,2025-02-23,Headphones,Accessories,North,4,3500,0.03938083532936987,13448.67,Cash
ORD00235,2025-01-08,Tablet,Electronics,West,3,22000,0.05145494825325189,62603.97,Card
ORD00236,2025-03-24,Headphones,Accessories,East,1,3500,0.24393400609741514,2646.23,Net Banking
ORD00237,2025-11-30,Headphones,Accessories,West,3,3500,0.05467605653790872,9925.9,Net Banking
ORD00238,2025-07-20,Tablet,Electronics,South,5,22000,0.12893891907201283,95816.72,Net Banking
ORD00239,2025-12-30,Phone,Electronics,West,3,30000,0.23404423291004903,68936.02,Cash
ORD00240,2025-03-20,Headphones,Accessories,South,7,3500,0.24429818247858934,18514.69,Card
ORD00241,2025-05-09,Laptop,Electronics,East,6,65000,0.05909010884588614,366954.86,UPI
ORD00242,2025-03-01,Tablet,Electronics,North,4,22000,0.012279410937510032,86919.41,
ORD00243,2025-05-26,Laptop,Electronics,West,7,65000,0.038400458134439625,437527.79,Cash
ORD00244,2025-07-25,Headphones,Accessories,South,4,3500,0.015832119675639522,13778.35,Cash
ORD00245,2025-10-22,Headphones,Accessories,West,1,3500,0.0487810602730841,3329.27,Cash
ORD00246,2025-05-15,Laptop,Electronics,South,1,65000,0.14214242867593385,55760.74,Net Banking
ORD00247,2025-10-09,Headphones,Accessories,West,7,3500,0.22811219907391045,18911.25,UPI
ORD00248,2025-08-17,Tablet,Electronics,South,7,22000,0.134304720923585,133317.07,Card
ORD00249,2025-04-17,Headphones,Accessories,North,6,3500,0.15649738917477019,17713.55,Cash
ORD00250,2025-11-29,Laptop,Electronics,North,1,65000,0.05046681290238528,61719.66,Net Banking
ORD00251,2025-06-08,Laptop,Electronics,East,3,65000,0.20014590516846253,155971.55,Net Banking
ORD00252,2025-02-25,Tablet,Electronics,North,1,22000,0.1544472271263958,18602.16,Net Banking
ORD00253,2025-12-18,Laptop,Electronics,South,1,65000,0.2160342072981812,50957.78,Net Banking
ORD00254,2025-11-30,Phone,Electronics,East,2,30000,0.23721077675144603,45767.35,Net Banking
ORD00255,2025-01-19,Headphones,Accessories,South,5,3500,0.08697519393914807,15977.93,Cash
ORD00256,2025-11-26,Laptop,Electronics,North,1,65000,0.022644764633859837,63528.09,UPI
ORD00257,2025-12-12,Headphones,Accessories,East,7,3500,0.05648223947919562,23116.19,Cash
ORD00258,2025-10-30,Laptop,Electronics,East,4,65000,0.1094603914189593,231540.3,Cash
ORD00259,2025-04-04,Laptop,Electronics,East,2,65000,0.23642341295611832,99264.96,UPI
ORD00260,2025-08-19,Tablet,Electronics,West,4,22000,0.09457745559335382,79677.18,Net Banking
ORD00261,2025-07-16,Headphones,Accessories,North,6,3500,0.1926933034163425,16953.44,Cash
ORD00262,2025-08-15,Laptop,Electronics,South,3,65000,0.13511917304268875,168651.76,Net Banking
ORD00263,2025-08-14,Phone,Electronics,North,1,30000,0.045702192607744135,28628.93,UPI
ORD00264,2025-08-22,Monitor,Electronics,West,1,15000,0.0801835297383629,13797.25,Net Banking
ORD00265,2025-07-07,Monitor,Electronics,East,6,15000,0.16329797125570467,75303.18,Card
ORD00266,2025-09-10,Tablet,Electronics,North,1,22000,0.16821334867122337,18299.31,Cash
ORD00267,2025-07-12,Tablet,Electronics,East,5,22000,0.10868993670226154,98044.11,Cash
ORD00268,2025-01-07,Phone,Electronics,North,3,30000,0.05716140066552866,84855.47,Cash
ORD00269,2025-01-13,Headphones,Accessories,South,6,3500,0.18047669487816909,17209.99,Net Banking
ORD00270,2025-12-16,Tablet,Electronics,East,1,22000,0.04221826040317869,21071.2,UPI
ORD00271,2025-11-28,Phone,Electronics,East,7,30000,0.23416742296628165,160824.84,Cash
ORD00272,2025-08-02,Laptop,Electronics,West,5,65000,0.046975894759119174,309732.83,Net Banking
ORD00273,2025-03-05,Laptop,Electronics,East,4,65000,0.02682809070813011,253024.7,UPI
ORD00274,2025-10-13,Monitor,Electronics,West,2,15000,0.1244119255913447,26267.64,Card
ORD00275,2025-02-22,Tablet,Electronics,East,7,22000,,133997.34,Card
ORD00276,2025-05-18,Tablet,Electronics,North,3,22000,0.1270482286945612,57614.82,Cash
ORD00277,2025-05-01,Tablet,Electronics,North,4,22000,0.10916687233470987,78393.32,Net Banking
ORD00278,2025-01-05,Headphones,Accessories,West,3,3500,0.24870372320740208,7888.61,Net Banking
ORD00279,2025-10-22,Laptop,Electronics,North,2,65000,0.12157015316764547,114195.88,Net Banking
ORD00280,2025-07-06,Laptop,Electronics,South,3,65000,0.11948664518495775,171700.1,Card
ORD00281,2025-04-26,Phone,Electronics,North,2,30000,0.10544151567864032,53673.51,Cash
ORD00282,2025-07-05,Tablet,Electronics,South,1,22000,0.016706438675365726,21632.46,UPI
ORD00283,2025-01-01,Headphones,Accessories,East,3,3500,0.148239157787404,8943.49,Card
ORD00284,2025-06-09,Tablet,Electronics,North,1,22000,0.05699194305579561,20746.18,UPI
ORD00285,2025-07-09,Tablet,Electronics,South,3,22000,0.15940224505726247,55479.45,UPI
ORD00286,2025-05-04,Monitor,Electronics,West,7,15000,0.012708365487119289,103665.62,
ORD00287,2025-10-31,Laptop,Electronics,North,2,65000,0.24534677531325041,98104.92,Net Banking
ORD00288,2025-04-02,Tablet,Electronics,North,1,22000,0.11725126975316805,19420.47,Cash
ORD00289,2025-02-20,Tablet,Electronics,South,1,22000,0.2241888428976746,17067.85,UPI
ORD00290,2025-07-12,Tablet,Electronics,West,4,22000,0.1188902933082337,77537.65,UPI
ORD00291,2025-11-20,Monitor,Electronics,South,2,15000,0.015082704643555433,29547.52,UPI
ORD00292,2025-05-17,Phone,Electronics,East,4,30000,0.20555338652345173,95333.59,Cash
ORD00293,2025-01-18,Monitor,Electronics,North,1,15000,0.16204593241678358,12569.31,UPI
ORD00294,2025-12-21,Phone,Electronics,East,3,30000,0.1954392618934863,72410.47,Card
ORD00295,2025-06-12,Tablet,Electronics,North,3,22000,0.10704246587721833,58935.2,Net Banking
ORD00296,2025-03-05,Tablet,Electronics,East,4,22000,0.15948418606166123,73965.39,Net Banking
ORD00297,2025-08-13,Monitor,Electronics,North,4,15000,0.21405725094915187,47156.56,Net Banking
ORD00298,2025-04-27,Tablet,Electronics,West,6,22000,0.15776636071797187,111174.84,Card
ORD00299,2025-12-09,Phone,Electronics,South,4,30000,0.08691840870897583,109569.79,Cash
ORD00300,2025-04-18,Laptop,Electronics,North,6,65000,0.16563239859154996,325403.36,UPI
ORD00301,2025-07-20,Phone,Electronics,South,4,30000,0.16796354715351683,99844.37,Net Banking
ORD00302,2025-07-18,Monitor,Electronics,North,2,15000,0.24014674062665625,22795.6,UPI
ORD00303,2025-03-30,Laptop,Electronics,North,2,65000,0.0927280803854173,117945.35,Cash
ORD00304,2025-07-02,Monitor,Electronics,East,3,15000,0.1062704418785328,40217.83,Cash
ORD00305,2025-02-09,Tablet,Electronics,South,5,22000,0.2030307402967648,87666.62,Net Banking
ORD00306,2025-08-23,Laptop,Electronics,South,2,65000,0.1264405786856853,113562.72,Card
ORD00307,2025-10-04,Phone,Electronics,West,7,30000,0.18414327327893326,171329.91,UPI
ORD00308,2025-12-13,Tablet,Electronics,North,4,22000,0.11492736611339802,77886.39,Net Banking
ORD00309,2025-04-29,Phone,Electronics,South,7,30000,0.053873785453175116,198686.51,Cash
ORD00310,2025-04-15,Laptop,Electronics,North,5,65000,0.1863009606952527,264452.19,Card
ORD00311,2025-07-20,Headphones,Accessories,South,3,3500,0.03278879229617748,10155.72,Card
ORD00312,2025-09-10,Headphones,Accessories,South,2,3500,0.04964591588282702,6652.48,Card
ORD00313,2025-12-29,Laptop,Electronics,North,6,65000,0.15670624569605215,328884.56,Card
ORD00314,2025-01-10,Phone,Electronics,North,3,30000,0.18681745004801745,73186.43,Card
ORD00315,2025-03-28,Phone,Electronics,West,2,30000,0.22367197171695374,46579.68,Card
ORD00316,2025-04-06,Headphones,Accessories,North,7,3500,0.06814662435397292,22830.41,Card
ORD00317,2025-04-04,Headphones,Accessories,West,4,3500,0.027681064650138587,13612.47,UPI
ORD00318,2025-06-19,Headphones,Accessories,West,1,3500,0.23901166488065728,2663.46,Net Banking
ORD00319,2025-11-15,Monitor,Electronics,South,4,15000,0.03860577200553561,57683.65,UPI
ORD00320,2025-01-12,Headphones,Accessories,South,4,3500,0.04941674556365988,13308.17,UPI
ORD00321,2025-10-25,Phone,Electronics,West,7,30000,0.07283236338961643,194705.2,UPI
ORD00322,2025-08-14,Laptop,Electronics,West,5,65000,0.13234783850657186,281986.95,Net Banking
ORD00323,2025-08-13,Headphones,Accessories,North,2,3500,0.2207063915085195,5455.06,Card
ORD00324,2025-09-05,Monitor,Electronics,West,2,15000,0.19013650568246673,24295.9,Card
ORD00325,2025-02-12,Monitor,Electronics,West,5,15000,0.17703938846065878,61722.05,Card
ORD00326,2025-09-30,Phone,Electronics,North,1,30000,0.043795141964000917,28686.15,UPI
ORD00327,2025-04-01,Phone,Electronics,North,3,30000,0.08942065788149356,81952.14,Card
ORD00328,2025-07-08,Laptop,Electronics,East,1,65000,0.11960123152166949,57225.92,UPI
ORD00329,2025-09-05,Laptop,Electronics,North,1,65000,0.03685648837139646,62604.33,Net Banking
ORD00330,2025-08-09,Tablet,Electronics,East,7,22000,0.06835742553166813,143472.96,UPI
ORD00331,2025-04-28,Tablet,Electronics,North,1,22000,0.07708330098821106,20304.17,Card
ORD00332,2025-05-25,Phone,Electronics,East,1,30000,0.03181904958225981,29045.43,Net Banking
ORD00333,2025-06-23,Phone,Electronics,North,7,30000,0.1375599229770644,181112.42,Net Banking
ORD00334,2025-01-16,Monitor,Electronics,North,2,15000,0.17625704913104823,24712.29,Cash
ORD00335,2025-09-23,Tablet,Electronics,North,6,22000,0.017482907869215303,129692.26,UPI
ORD00336,2025-02-06,Monitor,Electronics,North,1,15000,0.12028077544078744,13195.79,Card
ORD00337,2025-06-17,Monitor,Electronics,East,2,15000,0.19555279881694876,24133.42,UPI
ORD00338,2025-08-28,Phone,Electronics,North,1,30000,0.18699753223811172,24390.07,Cash
ORD00339,2025-01-30,Phone,Electronics,West,5,30000,0.20376827405468853,119434.76,Card
ORD00340,2025-12-30,Monitor,Electronics,East,5,15000,0.11206015829265176,66595.49,Cash
ORD00341,2025-05-18,Headphones,Accessories,South,4,3500,0.20513927065996518,11128.05,Cash
ORD00342,2025-01-06,Phone,Electronics,West,2,30000,0.06018826780356737,56388.7,Net Banking
ORD00343,2025-08-29,Headphones,Accessories,East,1,3500,0.09020264035437883,3184.29,Card
ORD00344,2025-07-23,Tablet,Electronics,East,4,22000,0.04408889410445033,84120.18,Net Banking
ORD00345,2025-08-22,Monitor,Electronics,North,2,15000,0.11687113485714296,26493.87,Card
ORD00346,2025-10-02,Phone,Electronics,East,5,30000,0.09801500560386081,135297.75,Cash
ORD00347,2025-06-23,Monitor,Electronics,East,5,15000,0.06023177910357805,70482.62,Cash
ORD00348,2025-10-29,Monitor,Electronics,West,6,15000,0.1879451773076954,73084.93,Net Banking
ORD00349,2025-05-16,Laptop,Electronics,South,4,65000,0.07846169302791164,239599.96,Card
ORD00350,2025-07-18,Laptop,Electronics,East,1,65000,0.06820108253645893,60566.93,Net Banking
ORD00351,2025-02-27,Tablet,Electronics,South,2,22000,0.032722582712623766,42560.21,Card
ORD00352,2025-08-15,Laptop,Electronics,North,6,65000,0.10970542545048717,347214.88,Card
ORD00353,2025-04-06,Phone,Electronics,North,4,30000,0.0757411572093255,110911.06,Card
ORD00354,2025-09-12,Tablet,Electronics,West,5,22000,0.09231821033524215,99845.0,Cash
ORD00355,2025-10-20,Monitor,Electronics,East,4,15000,0.05899931565513816,56460.04,Cash
ORD00356,2025-11-10,Monitor,Electronics,South,2,15000,0.1907888724549751,24276.33,UPI
ORD00357,2025-12-06,Laptop,Electronics,East,7,65000,0.23250083683867934,349212.12,Net Banking
ORD00358,2025-02-14,Monitor,Electronics,North,6,15000,0.12448296319722191,78796.53,Net Banking
ORD00359,2025-02-20,Laptop,Electronics,North,7,65000,0.16074960583520814,381858.93,UPI
ORD00360,2025-12-05,Headphones,Accessories,East,6,3500,0.2167930691516765,16447.35,Net Banking
ORD00361,2025-05-20,Monitor,Electronics,East,3,15000,0.24970740933341465,33763.17,Cash
ORD00362,2025-01-10,Monitor,Electronics,West,2,15000,0.15337912118245803,25398.63,UPI
ORD00363,2025-04-15,Phone,Electronics,West,2,30000,0.22244486663496718,46653.31,Card
ORD00364,2025-11-02,Monitor,Electronics,South,7,15000,0.2271520616389105,81149.03,Net Banking
ORD00365,2025-05-10,Laptop,Electronics,West,4,65000,0.19786287195190558,208555.65,Card
ORD00366,2025-01-29,Tablet,Electronics,South,4,22000,0.11523284776827755,77859.51,Net Banking
ORD00367,2025-09-21,Tablet,Electronics,West,7,22000,0.020288500105974827,150875.57,Card
ORD00368,2025-03-13,Phone,Electronics,North,5,30000,0.003951388860033461,149407.29,UPI
ORD00369,2025-05-09,Laptop,Electronics,North,7,65000,0.11930015832073115,400718.43,Card
ORD00370,2025-01-02,Headphones,Accessories,North,7,3500,0.12357863338365443,21472.32,Cash
ORD00371,2025-08-08,Phone,Electronics,West,1,30000,0.10184059696574307,26944.78,Cash
ORD00372,2025-06-12,Headphones,Accessories,North,3,3500,0.14204183782284113,9008.56,Net Banking
ORD00373,2025-11-13,Tablet,Electronics,West,6,22000,0.13804067582610677,113778.63,UPI
ORD00374,2025-05-03,Phone,Electronics,East,6,30000,0.20915326025817324,142352.41,Net Banking
ORD00375,2025-03-16,Monitor,Electronics,North,2,15000,0.027164275815565603,29185.07,Cash
ORD00376,2025-03-02,Laptop,Electronics,West,3,65000,0.056294416526386365,184022.59,UPI
ORD00377,2025-03-15,Headphones,Accessories,North,4,3500,0.1982512447399076,11224.48,Net Banking
ORD00378,2025-06-14,Headphones,Accessories,North,6,3500,0.21195921680591365,16548.86,Card
ORD00379,2025-02-01,Phone,Electronics,East,1,30000,0.24870605340521695,22538.82,Cash
ORD00380,2025-05-27,Phone,Electronics,South,5,30000,0.21822800409677104,117265.8,Cash
ORD00381,2025-11-08,Laptop,Electronics,South,3,65000,0.22247475176808276,151617.42,UPI
ORD00382,2025-10-08,Monitor,Electronics,North,2,15000,0.07858698565747621,27642.39,UPI
ORD00383,2025-08-21,Monitor,Electronics,East,4,15000,0.1004154085023441,53975.08,Cash
ORD00384,2025-11-22,Phone,Electronics,North,3,30000,0.06702127620513776,83968.09,Card
ORD00385,2025-10-12,Laptop,Electronics,North,5,65000,0.1515748495481789,275738.17,UPI
ORD00386,2025-08-27,Laptop,Electronics,East,3,65000,0.2347013385517596,149233.24,UPI
ORD00387,2025-11-12,Laptop,Electronics,South,6,65000,0.08616022162790443,356397.51,Net Banking
ORD00388,2025-02-15,Monitor,Electronics,East,1,15000,0.13925044547036255,12911.24,UPI
ORD00389,2025-10-26,Monitor,Electronics,North,7,15000,0.07407490761337127,97222.13,UPI
ORD00390,2025-04-18,Laptop,Electronics,East,1,65000,0.042449993443176876,62240.75,Cash
ORD00391,2025-09-25,Headphones,Accessories,West,6,3500,0.04879638245466392,19975.28,UPI
ORD00392,2025-11-30,Laptop,Electronics,South,3,65000,0.014486336134532485,192175.16,Cash
ORD00393,2025-07-01,Phone,Electronics,South,3,30000,0.23732338075231435,68640.9,Cash
ORD00394,2025-02-02,Tablet,Electronics,East,1,22000,0.1007199021269074,19784.16,Cash
ORD00395,2025-05-16,Headphones,Accessories,East,5,3500,0.20853022300052704,13850.72,Card
ORD00396,2025-05-29,Monitor,Electronics,North,2,15000,0.17033236817242278,24890.03,Net Banking
ORD00397,2025-12-08,Laptop,Electronics,East,5,65000,0.04798029035277135,309406.41,Cash
ORD00398,2025-12-11,Laptop,Electronics,North,6,65000,0.043865561644771955,372892.43,Card
ORD00399,2025-07-27,Phone,Electronics,East,6,30000,0.2029970503776362,143460.53,UPI
ORD00400,2025-12-13,Phone,Electronics,West,5,30000,0.06617792765488434,140073.31,Card
ORD00401,2025-06-09,Monitor,Electronics,East,3,15000,0.22832129592549394,34725.54,UPI
ORD00402,2025-05-31,Headphones,Accessories,West,6,3500,0.035013851172372656,20264.71,UPI
ORD00403,2025-11-02,Phone,Electronics,South,6,30000,0.16942715361361738,149503.11,Card
ORD00404,2025-09-01,Monitor,Electronics,West,3,15000,0.20361846900773348,35837.17,UPI
ORD00405,2025-07-10,Tablet,Electronics,West,1,22000,0.05881409710391125,20706.09,UPI
ORD00406,2025-06-16,Tablet,Electronics,West,7,22000,0.06905184086414151,143366.02,Card
ORD00407,2025-09-15,Tablet,Electronics,East,2,22000,0.24112972153480042,33390.29,Cash
ORD00408,2025-10-03,Laptop,Electronics,East,5,65000,0.06614940133653957,303501.44,UPI
ORD00409,2025-06-29,Monitor,Electronics,East,2,15000,0.10748926247501195,26775.32,Card
ORD00410,2025-01-12,Laptop,Electronics,West,1,65000,0.10812889831059153,57971.62,UPI
ORD00411,2025-02-07,Laptop,Electronics,West,6,65000,0.06325868748242089,365329.11,UPI
ORD00412,2025-02-22,Phone,Electronics,South,2,30000,0.19394777160927262,48363.13,UPI
ORD00413,2025-06-18,Phone,Electronics,North,5,30000,0.1929623358072888,121055.65,Card
ORD00414,2025-08-13,Laptop,Electronics,North,5,65000,0.09457950355594641,294261.66,Cash
ORD00415,2025-10-21,Laptop,Electronics,North,1,65000,0.20878144777018343,51429.21,Net Banking
ORD00416,2025-03-26,Headphones,Accessories,North,2,3500,0.053268733599750595,6627.12,Cash
ORD00417,2025-10-15,Monitor,Electronics,North,6,15000,0.0010764439169196616,89903.12,Cash
ORD00418,2025-09-01,Laptop,Electronics,North,4,65000,0.14279184051393526,222874.12,Net Banking
ORD00419,2025-01-19,Phone,Electronics,West,1,30000,0.24851944311309462,22544.42,Card
ORD00420,2025-05-09,Tablet,Electronics,North,7,22000,0.009661077456721151,152512.19,Net Banking
ORD00421,2025-04-21,Monitor,Electronics,East,2,15000,0.05199951842711514,28440.01,Net Banking
ORD00422,2025-11-20,Headphones,Accessories,South,1,3500,0.12972866062177105,3045.95,Cash
ORD00423,2025-12-03,Headphones,Accessories,North,7,3500,0.20248518411121766,19539.11,Net Banking
ORD00424,2025-10-27,Tablet,Electronics,East,1,22000,0.022260501268763305,21510.27,UPI
ORD00425,2025-07-12,Tablet,Electronics,West,4,22000,0.09880866343972358,79304.84,Net Banking
ORD00426,2025-06-29,Laptop,Electronics,West,7,65000,0.18676895015747158,370020.13,Cash
ORD00427,2025-04-24,Monitor,Electronics,West,5,15000,0.09288580210159039,68033.56,UPI
ORD00428,2025-10-10,Monitor,Electronics,,5,15000,0.047209105118909744,71459.32,UPI
ORD00429,2025-02-01,Laptop,Electronics,East,3,65000,0.04887395684914683,185469.58,Cash
ORD00430,2025-04-09,Headphones,Accessories,North,1,3500,0.10251219672874856,3141.21,Card
ORD00431,2025-02-19,Laptop,Electronics,West,5,65000,0.11985426870147278,286047.36,Card
ORD00432,2025-06-30,Headphones,Accessories,East,7,3500,0.2154536044540035,19221.39,Card
ORD00433,2025-04-20,Monitor,Electronics,South,1,15000,0.16056310464199838,12591.55,Net Banking
ORD00434,2025-03-14,Laptop,Electronics,South,7,65000,0.17260048862887536,376466.78,Card
ORD00435,2025-05-18,Tablet,Electronics,East,3,22000,0.24574679288397674,49780.71,UPI
ORD00436,2025-11-11,Laptop,Electronics,North,4,65000,0.10296086007524344,233230.18,Card
ORD00437,2025-07-23,Tablet,Electronics,West,2,22000,0.10083860081228208,39563.1,UPI
ORD00438,2025-10-28,Monitor,Electronics,South,5,15000,0.23083674193145307,57687.24,Cash
ORD00439,2025-11-30,Laptop,Electronics,North,2,65000,0.06146889675126466,122009.04,Net Banking
ORD00440,2025-11-26,Phone,Electronics,South,2,30000,0.18245381157571666,49052.77,Net Banking
ORD00441,2025-05-09,Monitor,Electronics,West,6,15000,0.18864328455453366,73022.1,Cash
ORD00442,2025-11-17,Phone,Electronics,South,1,30000,0.02444699936136077,29266.59,Net Banking
ORD00443,2025-11-28,Laptop,Electronics,East,4,65000,0.117057851423396,229564.96,Card
ORD00444,2025-12-17,Tablet,Electronics,West,5,22000,0.050140617830388506,104484.53,Cash
ORD00445,2025-05-09,Tablet,Electronics,North,1,22000,0.04634381820062142,20980.44,UPI
ORD00446,2025-03-25,Headphones,Accessories,West,3,3500,0.11595702761571905,9282.45,Cash
ORD00447,2025-08-02,Phone,Electronics,South,3,30000,0.07235742687701624,83487.83,Cash
ORD00448,2025-12-07,Monitor,Electronics,East,5,15000,0.19901511190646773,60073.87,UPI
ORD00449,2025-11-25,Tablet,Electronics,North,7,22000,0.2269012228476206,119057.21,Cash
ORD00450,2025-07-28,Phone,Electronics,North,6,30000,0.2006801513220914,143877.57,Cash
ORD00451,2025-02-24,Monitor,Electronics,West,2,15000,0.06650771815541631,28004.77,Card
ORD00452,2025-06-04,Monitor,Electronics,West,1,15000,0.06853359842215209,13972.0,Cash
ORD00453,2025-09-18,Tablet,Electronics,West,1,22000,0.06368208752936685,20598.99,Card
ORD00454,2025-07-24,Laptop,Electronics,East,5,65000,0.03375952401405902,314028.15,Card
ORD00455,2025-05-07,Tablet,Electronics,South,2,22000,0.2359495920259278,33618.22,UPI
ORD00456,2025-05-06,Tablet,Electronics,North,2,22000,0.10051194953926734,39577.47,Card
ORD00457,2025-01-22,Laptop,Electronics,South,6,65000,0.056172368636468434,368092.78,Net Banking
ORD00458,2025-04-16,Headphones,Accessories,East,7,3500,0.21166776262706088,19314.14,Net Banking
ORD00459,2025-09-02,Monitor,Electronics,South,6,15000,0.09979882566444762,81018.11,Cash
ORD00460,2025-03-30,Laptop,Electronics,South,2,65000,0.008779202777416645,128858.7,Cash
ORD00461,2025-12-29,Headphones,Accessories,North,5,3500,0.040485392562407796,16791.51,Cash
ORD00462,2025-01-31,Laptop,Electronics,South,5,65000,0.1598125850890425,273060.91,Card
ORD00463,2025-08-03,Headphones,Accessories,North,2,3500,0.195726318542931,5629.92,Card
ORD00464,2025-07-01,Tablet,Electronics,North,4,22000,0.05273359712217823,83359.44,Cash
ORD00465,2025-11-01,Laptop,Electronics,North,4,65000,0.22934889731653554,200369.29,Net Banking
ORD00466,2025-11-21,Monitor,Electronics,East,3,15000,0.2127492800130411,35426.28,Card
ORD00467,2025-07-18,Laptop,Electronics,South,6,65000,0.21209518851527023,307282.88,Cash
ORD00468,2025-08-19,Tablet,Electronics,North,5,22000,0.05691528669980353,103739.32,Card
ORD00469,2025-09-13,Laptop,Electronics,East,4,65000,0.012633997162514427,256715.16,Card
ORD00470,2025-07-10,Monitor,Electronics,North,6,15000,0.21685588487064592,70482.97,Card
ORD00471,2025-03-09,Headphones,Accessories,North,6,3500,0.07645005718464185,19394.55,UPI
ORD00472,2025-06-06,Monitor,Electronics,North,4,15000,0.15472909529338147,50716.25,Card
ORD00473,2025-03-30,Tablet,Electronics,South,2,22000,0.18999172092518252,35640.36,Cash
ORD00474,2025-06-19,Tablet,Electronics,West,6,22000,0.03207331462778004,127766.32,Cash
ORD00475,2025-08-13,Headphones,Accessories,North,6,3500,0.19520958862976198,16900.6,Net Banking
ORD00476,2025-03-18,Headphones,Accessories,South,7,3500,0.23462786474026645,18751.62,UPI
ORD00477,2025-04-02,Monitor,Electronics,North,2,15000,0.18209374143660226,24537.19,Net Banking
ORD00478,2025-10-28,Laptop,Electronics,South,3,65000,0.11030568712013952,173490.39,Net Banking
ORD00479,2025-05-18,Headphones,Accessories,East,7,3500,0.21916953468792572,19130.35,Card
ORD00480,2025-03-14,Laptop,Electronics,South,4,65000,0.13186440751813974,225715.25,Card
ORD00481,2025-09-18,Phone,Electronics,East,7,30000,0.18619273195418853,170899.53,Card
ORD00482,2025-09-19,Monitor,Electronics,West,1,15000,0.20512648596465102,11923.1,Cash
ORD00483,2025-10-29,Phone,Electronics,West,1,30000,0.1873382154247515,24379.85,Net Banking
ORD00484,2025-10-05,Headphones,Accessories,East,6,3500,0.07196371901203849,19488.76,Cash
ORD00485,2025-12-29,Tablet,Electronics,East,3,22000,0.02946097522645777,64055.58,Cash
ORD00486,2025-07-29,Phone,Electronics,West,4,30000,0.05958463234051503,112849.84,Cash
ORD00487,2025-04-15,Phone,Electronics,West,3,30000,0.1257187342450883,78685.31,UPI
ORD00488,2025-11-11,Tablet,Electronics,South,3,22000,0.12631923057327396,57662.93,Cash
ORD00489,2025-04-07,Headphones,Accessories,North,7,3500,0.1456610873286344,20931.3,UPI
ORD00490,2025-04-17,Headphones,Accessories,North,1,3500,0.09877545938697271,3154.29,Net Banking
ORD00491,2025-10-30,Monitor,Electronics,West,6,15000,0.19672284536250692,72294.94,Net Banking
ORD00492,2025-11-18,Monitor,Electronics,East,7,15000,0.22828843758680195,81029.71,Cash
ORD00493,2025-05-04,Headphones,Accessories,South,5,3500,0.06168126336986782,16420.58,Card
ORD00494,2025-09-24,Headphones,Accessories,South,3,3500,0.184130804425472,8566.63,Cash
ORD00495,2025-12-03,Phone,Electronics,South,2,30000,0.16949296313626117,49830.42,Cash
ORD00496,2025-10-19,Tablet,Electronics,West,5,22000,0.13077262481982874,95615.01,Cash
ORD00497,2025-01-02,Laptop,Electronics,East,4,65000,0.04713255846854006,247745.53,Cash
ORD00498,2025-08-31,Phone,Electronics,West,2,30000,0.19880806464567738,48071.52,UPI
ORD00499,2025-03-04,Monitor,Electronics,South,3,15000,0.24015657140720817,34192.95,UPI
ORD00500,2025-11-05,Tablet,Electronics,South,7,22000,0.18045908305840336,126209.3,Card
ORD00501,2025-01-25,Laptop,Electronics,North,2,65000,0.2294649991564335,100169.55,Cash
ORD00502,2025-12-29,Headphones,Accessories,West,2,3500,0.24604631623699993,5277.68,Card
ORD00503,2025-03-06,Monitor,Electronics,East,5,15000,0.08801266855980955,68399.05,Cash
ORD00504,2025-06-03,Monitor,Electronics,East,2,15000,0.15955588823158423,25213.32,Card
ORD00505,2025-03-27,Phone,Electronics,South,7,30000,0.11848318440951949,185118.53,Net Banking
ORD00506,2025-10-25,Tablet,Electronics,South,7,22000,0.24665718671580752,116014.79,Card
ORD00507,2025-05-24,Tablet,Electronics,West,7,22000,0.02345195600193123,150388.4,Net Banking
ORD00508,2025-09-29,Phone,Electronics,South,7,30000,0.10309372857430615,188350.32,Card
ORD00509,2025-01-25,Phone,Electronics,East,2,30000,0.21888476113180905,46866.91,Card
ORD00510,2025-06-15,Phone,Electronics,North,2,30000,0.07101282763162886,55739.23,Cash
ORD00511,2025-11-29,Monitor,Electronics,South,3,15000,0.19694821265971818,36137.33,Card
ORD00512,2025-12-05,Headphones,Accessories,West,4,3500,0.09569579069506393,12660.26,UPI
ORD00513,2025-03-18,Monitor,Electronics,North,7,15000,0.24499463497253957,79275.56,Card
ORD00514,2025-05-24,Monitor,Electronics,North,6,15000,0.22088245910592688,70120.58,Net Banking
ORD00515,2025-05-30,Monitor,Electronics,West,5,15000,0.07533008941565383,69350.24,UPI
ORD00516,2025-07-26,Laptop,Electronics,South,7,65000,0.19254827838446378,367390.53,Card
ORD00517,2025-07-16,Monitor,Electronics,South,5,15000,0.08421413595831717,68683.94,Cash
ORD00518,2025-02-08,Laptop,Electronics,East,3,65000,0.15159071005388378,165439.81,Cash
ORD00519,2025-10-06,Tablet,Electronics,North,3,22000,0.164620192098323,55135.07,Card
ORD00520,2025-03-24,Tablet,Electronics,North,4,22000,0.20739885227142624,69748.9,UPI
ORD00521,2025-04-25,Phone,Electronics,North,1,30000,0.00611271022050372,29816.62,UPI
ORD00522,2025-11-03,Laptop,Electronics,North,6,65000,0.05503947278807492,368534.61,Card
ORD00523,2025-09-09,Laptop,Electronics,North,5,65000,0.17797945264714468,267156.68,Net Banking
ORD00524,2025-05-25,Monitor,Electronics,East,6,15000,0.14088080924238433,77320.73,UPI
ORD00525,2025-11-30,Phone,Electronics,South,4,30000,0.12390126955028577,105131.85,Net Banking
ORD00526,2025-05-24,Phone,Electronics,North,6,30000,0.013802489176995114,177515.55,Cash
ORD00527,2025-07-26,Monitor,Electronics,North,7,15000,0.08706897086536405,95857.76,UPI
ORD00528,2025-03-31,Laptop,Electronics,South,4,65000,0.21627505797766208,203768.48,Card
ORD00529,2025-03-08,Monitor,Electronics,West,4,15000,0.007723209259008046,59536.61,UPI
ORD00530,2025-06-29,Monitor,Electronics,South,1,15000,0.09910905884120302,13513.36,Net Banking
ORD00531,2025-07-25,Tablet,Electronics,North,6,22000,0.23628707191769316,100810.11,Cash
ORD00532,2025-10-22,Laptop,Electronics,North,7,65000,0.012720183636253657,449212.32,Card
ORD00533,2025-05-23,Laptop,Electronics,South,5,65000,0.1874264377611592,264086.41,Card
ORD00534,2025-11-23,Phone,Electronics,North,7,30000,0.06440315404550911,196475.34,Cash
ORD00535,2025-08-10,Tablet,Electronics,West,7,22000,0.21665220803841811,120635.56,UPI
ORD00536,2025-01-26,Laptop,Electronics,West,6,65000,0.18651699473984126,317258.37,
ORD00537,2025-09-27,Tablet,Electronics,South,4,22000,0.22142629271459072,68514.49,UPI
ORD00538,2025-07-29,Laptop,Electronics,West,1,65000,0.0539811976078165,61491.22,Cash
ORD00539,2025-05-23,Tablet,Electronics,South,1,22000,0.13282318870465123,19077.89,Cash
ORD00540,2025-06-20,Laptop,Electronics,North,2,65000,0.19481748589370018,104673.73,Card
ORD00541,2025-04-21,Headphones,Accessories,West,4,3500,0.061424935748745246,13140.05,UPI
ORD00542,2025-08-13,Laptop,Electronics,West,6,65000,0.05768657631680424,367502.24,Card
ORD00543,2025-07-26,Laptop,Electronics,South,4,65000,0.0067955333743962565,258233.16,Net Banking
ORD00544,2025-06-13,Laptop,Electronics,East,1,65000,0.23962882349386308,49424.13,UPI
ORD00545,2025-04-15,Monitor,Electronics,North,2,15000,0.17750422001365584,24674.87,UPI
ORD00546,2025-05-26,Laptop,Electronics,East,7,65000,0.1588900885025462,382705.01,UPI
ORD00547,2025-07-01,Tablet,Electronics,East,7,22000,0.18599868067374772,125356.2,Net Banking
ORD00548,2025-06-22,Tablet,Electronics,East,3,22000,0.13290322967385984,57228.39,UPI
ORD00549,2025-04-23,Tablet,Electronics,East,6,22000,0.11903345527260259,116287.58,Cash
ORD00550,2025-08-01,Headphones,Accessories,East,6,3500,0.11238306028088021,18639.96,Net Banking
ORD00551,2025-03-24,Monitor,Electronics,East,7,15000,0.16010980302591032,88188.47,Cash
ORD00552,2025-07-02,Phone,Electronics,West,7,30000,0.0503837438480958,199419.41,Card
ORD00553,2025-02-14,Monitor,Electronics,North,5,15000,0.22201467375371742,58348.9,UPI
ORD00554,2025-06-22,Phone,Electronics,South,3,30000,0.20293809280481628,71735.57,UPI
ORD00555,2025-10-14,Monitor,Electronics,South,5,15000,0.08739090286300846,68445.68,UPI
ORD00556,2025-10-26,Tablet,Electronics,East,3,22000,0.1446523242031311,56452.95,Net Banking
ORD00557,2025-09-11,Headphones,Accessories,North,3,3500,0.035256824987503654,10129.8,UPI
ORD00558,2025-09-30,Monitor,Electronics,South,5,15000,0.2430865619833995,56768.51,UPI
ORD00559,2025-01-25,Headphones,Accessories,West,4,3500,0.22572317190757088,10839.88,Net Banking
ORD00560,2025-05-05,Monitor,Electronics,North,5,15000,0.2304743766248001,57714.42,Card
ORD00561,2025-08-27,Tablet,Electronics,East,3,22000,0.0830407619258629,60519.31,Card
ORD00562,2025-10-20,Laptop,Electronics,East,3,65000,0.042283676845713936,186754.68,Cash
ORD00563,2025-08-01,Tablet,Electronics,South,1,22000,0.052943040866577584,20835.25,Cash
ORD00564,2025-11-08,Laptop,Electronics,North,5,65000,0.022500347761272466,317687.39,Net Banking
ORD00565,2025-04-10,Monitor,Electronics,North,5,15000,0.030027657525346085,72747.93,Card
ORD00566,2025-02-26,Phone,Electronics,South,7,30000,0.017826133546211348,206256.51,Cash
ORD00567,2025-02-01,Phone,Electronics,North,4,30000,0.24745576730121838,90305.31,Net Banking
ORD00568,2025-08-01,Phone,Electronics,North,4,30000,0.018514420842268398,117778.27,Card
ORD00569,2025-08-31,Headphones,Accessories,North,1,3500,0.033135520237853405,3384.03,Card
ORD00570,2025-04-15,Tablet,Electronics,North,2,22000,0.2068136488976841,34900.2,Net Banking
ORD00571,2025-10-14,Monitor,Electronics,West,3,15000,0.14506005418573578,38472.3,UPI
ORD00572,2025-09-27,Tablet,Electronics,East,3,22000,0.1936043011423331,53222.12,UPI
ORD00573,2025-05-12,Phone,Electronics,North,3,30000,0.15772800194316375,75804.48,Cash
ORD00574,2025-03-29,Laptop,Electronics,East,3,65000,0.220543767582237,151993.97,Net Banking
ORD00575,2025-09-28,Laptop,Electronics,North,6,65000,0.15961688194118515,327749.42,UPI
ORD00576,2025-09-03,Phone,Electronics,South,1,30000,0.13053127322578773,26084.06,Net Banking
ORD00577,2025-03-04,Monitor,Electronics,North,3,15000,0.17818742344032493,36981.57,Net Banking
ORD00578,2025-04-04,Tablet,Electronics,North,2,22000,0.11184818794802737,39078.68,Net Banking
ORD00579,2025-06-27,Monitor,Electronics,North,3,15000,0.08651595572618367,41106.78,Card
ORD00580,2025-07-06,Laptop,Electronics,South,5,65000,0.11691311311255312,287003.24,Card
ORD00581,2025-03-02,Laptop,Electronics,South,1,65000,0.042428526274640166,62242.15,Cash
ORD00582,2025-12-13,Monitor,Electronics,South,3,15000,0.19914293245067285,36038.57,UPI
ORD00583,2025-05-22,Laptop,Electronics,East,1,65000,0.06517594533398616,60763.56,Net Banking
ORD00584,2025-05-20,Laptop,Electronics,East,7,65000,0.038382886584261866,437535.79,Cash
ORD00585,2025-01-23,Tablet,Electronics,East,6,22000,0.0615880604458067,123870.38,Card
ORD00586,2025-11-16,Monitor,Electronics,East,2,15000,0.21051753794305994,23684.47,Cash
ORD00587,2025-03-27,Headphones,Accessories,East,2,3500,0.08255032389943284,6422.15,Cash
ORD00588,2025-12-27,Laptop,Electronics,South,1,65000,0.17151246737647505,53851.69,Cash
ORD00589,2025-07-01,Monitor,Electronics,North,4,15000,0.21410240766393482,47153.86,Net Banking
ORD00590,2025-11-16,Monitor,Electronics,South,6,15000,0.01943616673126053,88250.74,Net Banking
ORD00591,2025-03-07,Monitor,Electronics,North,5,15000,0.19125610129451073,60655.79,Net Banking
ORD00592,2025-03-02,Monitor,Electronics,West,7,15000,0.07691636659475751,96923.78,Cash
ORD00593,2025-10-20,Phone,Electronics,South,3,30000,0.05415559104601067,85126.0,Cash
ORD00594,2025-10-27,Monitor,Electronics,West,2,15000,0.17222536311324305,24833.24,Card
ORD00595,2025-07-18,Phone,Electronics,West,4,30000,0.22744915568330845,92706.1,UPI
ORD00596,2025-01-12,Monitor,Electronics,South,2,15000,0.07375480217809885,27787.36,Card
ORD00597,2025-12-11,Tablet,Electronics,West,7,22000,0.14220845134607976,132099.9,Net Banking
ORD00598,2025-05-24,Headphones,Accessories,South,2,3500,0.07245852846237288,6492.79,UPI
ORD00599,2025-12-08,Headphones,Accessories,North,4,3500,0.13857139643160699,12060.0,Cash
ORD00600,2025-11-14,Headphones,Accessories,North,4,3500,0.15546550766358513,11823.48,UPI
ORD00601,2025-11-07,Headphones,Accessories,North,1,3500,0.15258384719754495,2965.96,Card
ORD00602,2025-09-09,Headphones,Accessories,West,4,3500,0.15588659241068648,11817.59,UPI
ORD00603,2025-09-03,Headphones,Accessories,South,4,3500,0.03376994805438102,13527.22,Cash
ORD00604,2025-07-14,Laptop,Electronics,South,2,65000,0.1733851173966799,107459.93,Net Banking
ORD00605,2025-01-10,Monitor,Electronics,South,1,15000,0.16868758909505582,12469.69,Net Banking
ORD00606,2025-05-22,Tablet,Electronics,South,1,22000,0.17064703055422079,18245.77,Cash
ORD00607,2025-09-24,Phone,Electronics,West,1,30000,0.018517638184676583,29444.47,UPI
ORD00608,2025-10-24,Tablet,Electronics,West,4,22000,0.11170971060353815,78169.55,Cash
ORD00609,2025-07-24,Monitor,Electronics,North,1,15000,0.10225878301143243,13466.12,UPI
ORD00610,2025-09-16,Monitor,Electronics,East,7,15000,0.021677870910799785,102723.82,Card
ORD00611,2025-01-08,Monitor,Electronics,South,2,15000,0.055591981974202676,28332.24,Cash
ORD00612,2025-06-20,Tablet,Electronics,North,5,22000,0.11024065794950919,97873.53,Cash
ORD00613,2025-07-05,Headphones,Accessories,West,5,3500,0.18572657746452056,14249.78,UPI
ORD00614,2025-11-22,Phone,Electronics,North,4,30000,0.0592655192461658,112888.14,Net Banking
ORD00615,2025-04-24,Headphones,Accessories,North,7,3500,0.20743747753122788,19417.78,Card
ORD00616,2025-03-25,Headphones,Accessories,North,1,3500,0.13644957143486586,3022.43,Net Banking
ORD00617,2025-05-09,Phone,Electronics,South,2,30000,0.19010542129615438,48593.67,Cash
ORD00618,2025-03-04,Phone,Electronics,East,2,30000,0.11813899583421428,52911.66,Cash
ORD00619,2025-07-23,Laptop,Electronics,South,1,65000,0.12479855635555584,56888.09,Cash
ORD00620,2025-08-23,Laptop,Electronics,North,3,65000,0.15492984734491005,164788.68,Net Banking
ORD00621,2025-10-20,Tablet,Electronics,North,3,22000,0.23199265204145605,50688.48,UPI
ORD00622,2025-12-21,Tablet,Electronics,West,6,22000,0.12295314535322749,115770.18,Cash
ORD00623,2025-01-27,Laptop,Electronics,West,3,65000,0.13216438452707274,169227.95,UPI
ORD00624,2025-04-01,Tablet,Electronics,West,7,22000,0.15049924088188238,130823.12,Card
ORD00625,2025-04-20,Headphones,Accessories,East,6,3500,0.18437878432443144,17128.05,Net Banking
ORD00626,2025-04-02,Phone,Electronics,East,7,30000,0.01796258387155858,206227.86,Net Banking
ORD00627,2025-10-29,Phone,Electronics,West,1,30000,0.12892185963049302,26132.34,Card
ORD00628,2025-02-20,Phone,Electronics,East,7,30000,0.12039789730151088,184716.44,Card
ORD00629,2025-01-11,Tablet,Electronics,South,5,22000,0.2304212460593926,84653.66,Cash
ORD00630,2025-11-11,Phone,Electronics,South,7,30000,0.12337664510908528,184090.9,Card
ORD00631,2025-12-17,Headphones,Accessories,South,3,3500,0.11708013367358275,9270.66,UPI
ORD00632,2025-03-24,Phone,Electronics,North,7,30000,0.2405499971336755,159484.5,Card
ORD00633,2025-05-02,Tablet,Electronics,North,5,22000,0.11264411590022039,97609.15,Card
ORD00634,2025-07-03,Phone,Electronics,East,1,30000,0.045221107580522585,28643.37,Cash
ORD00635,2025-07-11,Laptop,Electronics,West,3,65000,0.05422903070144708,184425.34,Net Banking
ORD00636,2025-12-28,Headphones,Accessories,North,1,3500,0.023796884584243533,3416.71,Cash
ORD00637,2025-05-28,Phone,Electronics,North,7,30000,0.00014203231473611244,209970.17,Card
ORD00638,2025-01-05,Phone,Electronics,North,3,30000,0.10798641525012048,80281.22,Cash
ORD00639,2025-06-04,Headphones,Accessories,West,2,3500,0.19231064532455536,5653.83,Net Banking
ORD00640,2025-07-23,Monitor,Electronics,South,4,15000,0.18336661069995897,48998.0,Card
ORD00641,2025-07-08,Headphones,Accessories,,3,3500,0.008037271950712549,10415.61,Card
ORD00642,2025-07-06,Monitor,Electronics,North,1,15000,0.14249572589850823,12862.56,UPI
ORD00643,2025-12-03,Monitor,Electronics,West,6,15000,0.038570781353369,86528.63,Net Banking
ORD00644,2025-10-22,Tablet,Electronics,South,6,22000,0.23526907119117432,100944.48,Net Banking
ORD00645,2025-04-02,Headphones,Accessories,West,6,3500,0.04184124991104482,20121.33,UPI
ORD00646,2025-05-10,Phone,Electronics,East,5,30000,0.15665980442437039,126501.03,Card
ORD00647,2025-09-01,Tablet,Electronics,North,3,22000,0.08155959054101419,60617.07,Card
ORD00648,2025-05-30,Tablet,Electronics,West,4,22000,0.16039033149108806,73885.65,Net Banking
ORD00649,2025-06-06,Monitor,Electronics,East,4,15000,0.10306464911601879,53816.12,UPI
ORD00650,2025-03-03,Monitor,Electronics,East,2,15000,0.18991076307659868,24302.68,UPI
ORD00651,2025-04-03,Tablet,Electronics,North,1,22000,0.05766978133196446,20731.26,Card
ORD00652,2025-09-28,Headphones,Accessories,West,2,3500,0.22644796322856503,5414.86,Cash
ORD00653,2025-11-04,Phone,Electronics,West,4,30000,0.12505241232833803,104993.71,UPI
ORD00654,2025-10-14,Monitor,Electronics,South,2,15000,0.1890232869282132,24329.3,Cash
ORD00655,2025-04-23,Tablet,Electronics,North,1,22000,0.21243254785030677,17326.48,Cash
ORD00656,2025-02-19,Tablet,Electronics,West,6,22000,0.24970715273870123,99038.66,Net Banking
ORD00657,2025-02-28,Headphones,Accessories,West,3,3500,0.05598641639848956,9912.14,UPI
ORD00658,2025-05-24,Headphones,Accessories,East,5,3500,0.07172310339086371,16244.85,UPI
ORD00659,2025-07-08,Laptop,Electronics,East,4,65000,0.06260827168297206,243721.85,UPI
ORD00660,2025-11-22,Phone,Electronics,North,6,30000,0.06571783303994566,168170.79,Net Banking
ORD00661,2025-11-25,Laptop,Electronics,North,6,65000,0.14561118538484435,333211.64,Cash
ORD00662,2025-01-01,Headphones,Accessories,West,3,3500,0.24838063078646075,7892.0,Cash
ORD00663,2025-09-16,Laptop,Electronics,South,6,65000,0.2475695217731886,293447.89,Net Banking
ORD00664,2025-04-20,Phone,Electronics,South,3,30000,0.13169330784057692,78147.6,Cash
ORD00665,2025-03-14,Tablet,Electronics,East,6,22000,0.15975680256616845,110912.1,UPI
ORD00666,2025-07-22,Headphones,Accessories,North,3,3500,0.2149926359254015,8242.58,Cash
ORD00667,2025-01-13,Tablet,Electronics,North,1,22000,0.2332333646133763,16868.87,Cash
ORD00668,2025-05-02,Monitor,Electronics,North,6,15000,0.05096515683238598,85413.14,UPI
ORD00669,2025-07-21,Monitor,Electronics,South,1,15000,0.13213543223561322,13017.97,Cash
ORD00670,2025-04-10,Laptop,Electronics,South,6,65000,0.20820926366537806,308798.39,Card
ORD00671,2025-08-05,Monitor,Electronics,North,1,15000,0.07580051915864791,13862.99,UPI
ORD00672,2025-06-17,Headphones,Accessories,South,2,3500,0.10995226062011668,6230.33,Card
ORD00673,2025-10-19,Headphones,Accessories,South,5,3500,0.246405275378002,13187.91,Card
ORD00674,2025-03-08,Laptop,Electronics,East,7,65000,0.24626167418021774,342950.94,Card
ORD00675,2025-01-21,Headphones,Accessories,East,3,3500,0.2265267026912954,8121.47,Card
ORD00676,2025-07-13,Headphones,Accessories,West,1,3500,0.1996120862070144,2801.36,Cash
ORD00677,2025-04-04,Tablet,Electronics,West,2,22000,0.06728262518070144,41039.56,Card
ORD00678,2025-09-15,Laptop,Electronics,South,7,65000,0.08021251851679687,418503.3,Card
ORD00679,2025-02-04,Tablet,Electronics,West,6,22000,0.13682071030121867,113939.67,Net Banking
ORD00680,2025-07-29,Monitor,Electronics,East,1,15000,0.14019434364050304,12897.08,UPI
ORD00681,2025-12-28,Headphones,Accessories,North,3,3500,0.12637570483926674,9173.06,Card
ORD00682,2025-02-03,Laptop,Electronics,South,2,65000,0.15916756997907652,109308.22,UPI
ORD00683,2025-04-21,Monitor,Electronics,East,2,15000,0.1020807556582472,26937.58,Net Banking
ORD00684,2025-11-05,Monitor,Electronics,West,6,15000,0.18729353932888324,73143.58,UPI
ORD00685,2025-07-14,Laptop,Electronics,South,5,65000,0.08338748161958884,297899.07,Net Banking
ORD00686,2025-03-05,Monitor,Electronics,North,2,15000,0.08266924923658814,27519.92,UPI
ORD00687,2025-03-19,Tablet,Electronics,North,5,22000,0.031806490472957,106501.29,Card
ORD00688,2025-10-07,Tablet,Electronics,North,3,22000,0.04717805250722981,62886.25,Cash
ORD00689,2025-11-11,Tablet,Electronics,East,1,22000,0.2126302197303394,17322.14,Net Banking
ORD00690,2025-05-12,Headphones,Accessories,East,4,3500,0.11157058464511038,12438.01,UPI
ORD00691,2025-06-22,Monitor,Electronics,South,2,15000,0.05696694663820845,28290.99,UPI
ORD00692,2025-10-13,Headphones,Accessories,East,2,3500,0.18983527500559685,5671.15,Net Banking
ORD00693,2025-03-06,Monitor,Electronics,West,7,15000,0.13849528145421486,90458.0,Card
ORD00694,2025-03-17,Monitor,Electronics,West,5,15000,0.0052890028558233715,74603.32,UPI
ORD00695,2025-10-10,Laptop,Electronics,North,1,65000,0.07909036433417879,59859.13,Cash
ORD00696,2025-03-10,Phone,Electronics,East,6,30000,0.04425035278033526,172034.94,UPI
ORD00697,2025-10-09,Headphones,Accessories,West,5,3500,0.16396821524571015,14630.56,Net Banking
ORD00698,2025-07-01,Tablet,Electronics,West,7,22000,0.06875776015756321,143411.3,Net Banking
ORD00699,2025-12-28,Laptop,Electronics,South,6,65000,0.016236694802485907,383667.69,Net Banking
ORD00700,2025-01-13,Laptop,Electronics,South,3,65000,0.013733747299417315,192321.92,Card
ORD00701,2025-12-12,Tablet,Electronics,West,4,22000,0.14543182448967873,75202.0,UPI
ORD00702,2025-03-24,Headphones,Accessories,North,4,3500,0.005430863926022406,13923.97,Card
ORD00703,2025-01-13,Laptop,Electronics,East,6,65000,0.21219802828402218,307242.77,Card
ORD00704,2025-09-22,Laptop,Electronics,North,2,65000,0.038849279814318904,124949.59,Net Banking
ORD00705,2025-07-14,Laptop,Electronics,West,3,65000,0.15164158379885745,165429.89,Cash
ORD00706,2025-11-02,Tablet,Electronics,North,2,22000,0.11117200700268642,39108.43,Net Banking
ORD00707,2025-02-09,Laptop,Electronics,North,3,65000,0.11071288030797563,173410.99,Net Banking
ORD00708,2025-01-30,Tablet,Electronics,South,2,22000,0.017949285590011466,43210.23,Cash
ORD00709,2025-07-27,Tablet,Electronics,North,1,22000,0.2006880625530539,17584.86,UPI
ORD00710,2025-11-18,Tablet,Electronics,South,7,22000,0.22326312118831315,119617.48,UPI
ORD00711,2025-05-29,Headphones,Accessories,South,1,3500,0.0027541668460571156,3490.36,UPI
ORD00712,2025-10-19,Tablet,Electronics,South,7,22000,0.04465104392427943,147123.74,Cash
ORD00713,2025-11-27,Headphones,Accessories,East,1,3500,0.2259760471988697,2709.08,UPI
ORD00714,2025-11-14,Headphones,Accessories,East,6,3500,0.13737340320001454,18115.16,Net Banking
ORD00715,2025-07-05,Monitor,Electronics,West,3,15000,0.03750989456205253,43312.05,UPI
ORD00716,2025-09-12,Headphones,Accessories,South,4,3500,0.05069761315228971,13290.23,Net Banking
ORD00717,2025-07-11,Tablet,Electronics,East,2,22000,0.16499656105927854,36740.15,Cash
ORD00718,2025-09-04,Tablet,Electronics,East,4,22000,0.18120420556171826,72054.03,UPI
ORD00719,2025-07-26,Phone,Electronics,North,4,30000,0.1498567021449838,102017.2,UPI
ORD00720,2025-07-11,Tablet,Electronics,East,4,22000,0.23828709497813144,67030.74,Card
ORD00721,2025-06-09,Laptop,Electronics,West,3,65000,0.12351590091544426,170914.4,Card
ORD00722,2025-08-27,Monitor,Electronics,South,4,15000,0.07506797803563167,55495.92,Card
ORD00723,2025-10-02,Monitor,Electronics,North,6,15000,0.11930822749394912,79262.26,Cash
ORD00724,2025-12-02,Laptop,Electronics,South,4,65000,0.08991657341665274,236621.69,UPI
ORD00725,2025-08-12,Headphones,Accessories,South,3,3500,0.05610397316867158,9910.91,UPI
ORD00726,2025-02-06,Laptop,Electronics,East,1,65000,0.011490812335035017,64253.1,Cash
ORD00727,2025-08-03,Headphones,Accessories,West,3,3500,0.08805312339128105,9575.44,
ORD00728,2025-04-26,Laptop,Electronics,East,1,65000,0.17785233692743557,53439.6,Card
ORD00729,2025-01-10,Tablet,Electronics,North,2,22000,0.004609450718798452,43797.18,Net Banking
ORD00730,2025-01-27,Headphones,Accessories,South,7,3500,0.10979462830148368,21810.03,Card
ORD00731,2025-08-04,Headphones,Accessories,East,1,3500,0.1610023503624671,2936.49,Card
ORD00732,2025-12-11,Tablet,Electronics,South,4,22000,0.1526010272935768,74571.11,UPI
ORD00733,2025-07-04,Monitor,Electronics,East,6,15000,0.19416210897217898,72525.41,Card
ORD00734,2025-06-12,Headphones,Accessories,East,7,3500,0.20262992891494938,19535.57,Card
ORD00735,2025-02-02,Phone,Electronics,South,2,30000,0.17792645522984696,49324.41,Cash
ORD00736,2025-09-04,Headphones,Accessories,East,2,3500,0.025699424036187357,6820.1,UPI
ORD00737,2025-01-21,Headphones,Accessories,South,3,3500,0.11875561100109017,9253.07,UPI
ORD00738,2025-11-04,Phone,Electronics,North,4,30000,0.15085148937190215,101897.82,Card
ORD00739,2025-10-25,Headphones,Accessories,South,7,3500,0.0613915097023629,22995.91,UPI
ORD00740,2025-12-28,Monitor,Electronics,South,2,15000,0.010637954411694128,29680.86,UPI
ORD00741,2025-04-14,Monitor,Electronics,North,2,15000,0.05589758021901173,28323.07,Cash
ORD00742,2025-03-01,Headphones,Accessories,West,2,3500,0.11372360043315971,6203.93,Net Banking
ORD00743,2025-04-20,Headphones,Accessories,East,7,3500,0.10348257976365022,21964.68,Cash
ORD00744,2025-10-19,Phone,Electronics,North,1,30000,0.04416674533179041,28675.0,UPI
ORD00745,2025-03-21,Headphones,Accessories,West,3,3500,0.2061038856708732,8335.91,Net Banking
ORD00746,2025-11-20,Phone,Electronics,West,1,30000,0.23142166718418114,23057.35,Cash
ORD00747,2025-02-26,Tablet,Electronics,North,2,22000,0.050337079763178805,41785.17,Cash
ORD00748,2025-01-18,Phone,Electronics,North,7,30000,0.23239322889180541,161197.42,UPI
ORD00749,2025-03-22,Phone,Electronics,South,1,30000,0.004465239793795206,29866.04,Cash
ORD00750,2025-10-03,Laptop,Electronics,East,3,65000,0.23124061817673636,149908.08,UPI
ORD00751,2025-08-08,Monitor,Electronics,East,7,15000,0.23798219752022698,80011.87,Cash
ORD00752,2025-05-10,Laptop,Electronics,South,5,65000,0.0030129657539813004,324020.79,UPI
ORD00753,2025-08-28,Laptop,Electronics,East,1,65000,0.19075482419418702,52600.94,Net Banking
ORD00754,2025-08-25,Monitor,Electronics,North,4,15000,0.24255039314246085,45446.98,UPI
ORD00755,2025-07-22,Tablet,Electronics,East,7,22000,0.22647555470444458,119122.76,Cash
ORD00756,2025-07-07,Tablet,Electronics,West,3,22000,0.24267754029905325,49983.28,UPI
ORD00757,2025-02-07,Headphones,Accessories,East,4,3500,0.13758087642440983,12073.87,Cash
ORD00758,2025-04-05,Phone,Electronics,South,4,30000,0.01953903497134707,117655.32,Card
ORD00759,2025-07-12,Laptop,Electronics,South,5,65000,0.21244729945125904,255954.63,Net Banking
ORD00760,2025-02-19,Headphones,Accessories,West,2,3500,0.1534570639522529,5925.8,Cash
ORD00761,2025-06-23,Laptop,Electronics,North,6,65000,0.15368418604707226,330063.17,Card
ORD00762,2025-02-12,Tablet,Electronics,South,7,22000,0.10431340246467155,137935.74,UPI
ORD00763,2025-10-15,Monitor,Electronics,North,1,15000,0.14296049413027728,12855.59,Cash
ORD00764,2025-02-07,Monitor,Electronics,West,6,15000,0.03839494477152863,86544.45,Card
ORD00765,2025-02-03,Phone,Electronics,South,6,30000,0.18494250664153758,146710.35,UPI
ORD00766,2025-08-21,Headphones,Accessories,West,6,3500,0.018754326837885582,20606.16,Cash
ORD00767,2025-03-22,Headphones,Accessories,East,3,3500,0.182445191760948,8584.33,UPI
ORD00768,2025-05-09,Tablet,Electronics,East,4,22000,0.2122446056562135,69322.47,UPI
ORD00769,2025-04-25,Laptop,Electronics,East,6,65000,0.11811716939112205,343934.3,UPI
ORD00770,2025-03-21,Phone,Electronics,North,2,30000,0.12745759151426234,52352.54,Card
ORD00771,2025-10-06,Headphones,Accessories,East,6,3500,0.07805356823051957,19360.88,UPI
ORD00772,2025-09-10,Monitor,Electronics,East,7,15000,0.2423646459313969,79551.71,UPI
ORD00773,2025-03-29,Laptop,Electronics,West,5,65000,0.18328111863988633,265433.64,Card
ORD00774,2025-09-08,Headphones,Accessories,East,3,3500,0.09224713832508624,9531.41,UPI
ORD00775,2025-09-18,Monitor,Electronics,West,4,15000,0.04370184655825127,57377.89,UPI
ORD00776,2025-07-16,Monitor,Electronics,West,1,15000,0.05489489805052283,14176.58,Card
ORD00777,2025-07-31,Tablet,Electronics,East,7,22000,0.11598057152751251,136138.99,UPI
ORD00778,2025-12-08,Laptop,Electronics,South,3,65000,0.23564210007858447,149049.79,Net Banking
ORD00779,2025-06-15,Phone,Electronics,North,1,30000,0.18353658644022952,24493.9,Card
ORD00780,2025-05-21,Monitor,Electronics,South,6,15000,0.053810937044787455,85157.02,Net Banking
ORD00781,2025-07-16,Monitor,Electronics,West,5,15000,0.21489028335472452,58883.23,Net Banking
ORD00782,2025-11-02,Headphones,Accessories,North,5,3500,0.09455013075242027,15845.37,Net Banking
ORD00783,2025-09-16,Laptop,Electronics,South,1,65000,0.21293054568812966,51159.51,Cash
ORD00784,2025-01-28,Laptop,Electronics,East,6,65000,0.060424899495282736,366434.29,Card
ORD00785,2025-06-17,Tablet,Electronics,North,5,22000,0.1546651529840794,92986.83,Cash
ORD00786,2025-09-28,Tablet,Electronics,West,6,22000,0.23166762202032049,101419.87,UPI
ORD00787,2025-03-23,Laptop,Electronics,East,6,65000,0.06447350228694854,364855.33,Net Banking
ORD00788,2025-12-27,Headphones,Accessories,North,2,3500,0.17323164764646373,5787.38,Card
ORD00789,2025-10-22,Tablet,Electronics,North,2,22000,0.24682815498928595,33139.56,UPI
ORD00790,2025-11-06,Laptop,Electronics,East,7,65000,0.037649571810750876,437869.44,UPI
ORD00791,2025-01-30,Laptop,Electronics,West,4,65000,0.0221005726751686,254253.85,UPI
ORD00792,2025-07-31,Tablet,Electronics,West,4,22000,0.16854879811120405,73167.71,UPI
ORD00793,2025-07-12,Headphones,Accessories,West,3,3500,0.0849339869372576,9608.19,Cash
ORD00794,2025-08-17,Monitor,Electronics,North,5,15000,0.01781111934164778,73664.17,UPI
ORD00795,2025-11-07,Tablet,Electronics,East,6,22000,0.11882640447090104,116314.91,Net Banking
ORD00796,2025-05-09,Phone,Electronics,North,1,30000,0.18844266991098893,24346.72,Card
ORD00797,2025-07-14,Monitor,Electronics,North,4,15000,0.07128060010379719,55723.16,Cash
ORD00798,2025-09-06,Tablet,Electronics,East,7,22000,0.08376171937628368,141100.7,Card
ORD00799,2025-10-02,Phone,Electronics,South,2,30000,0.21142485016174303,47314.51,UPI
ORD00800,2025-10-09,Tablet,Electronics,East,2,22000,0.13001797806537202,38279.21,UPI
ORD00801,2025-05-03,Laptop,Electronics,West,7,65000,0.210682992201618,359139.24,Cash
ORD00802,2025-12-31,Phone,Electronics,North,1,30000,0.11159737303592737,26652.08,Cash
ORD00803,2025-01-04,Tablet,Electronics,,3,22000,0.23824379039002586,50275.91,Card
ORD00804,2025-06-29,Monitor,Electronics,West,4,15000,0.16269864742943418,50238.08,Card
ORD00805,2025-08-11,Headphones,Accessories,South,6,3500,0.028974716329812356,20391.53,Net Banking
ORD00806,2025-01-23,Headphones,Accessories,East,1,3500,0.22127324705670018,2725.54,Net Banking
ORD00807,2025-06-14,Tablet,Electronics,South,4,22000,0.12231629770769945,77236.17,Card
ORD00808,2025-08-06,Laptop,Electronics,West,2,65000,0.035409741993226246,125396.73,UPI
ORD00809,2025-08-10,Phone,Electronics,North,6,30000,0.03817253346035518,173128.94,Card
ORD00810,2025-02-13,Monitor,Electronics,,5,15000,0.17188348377746795,62108.74,Cash
ORD00811,2025-04-12,Laptop,Electronics,West,4,65000,0.011843126682372446,256920.79,Cash
ORD00812,2025-03-31,Monitor,Electronics,West,3,15000,0.07164844122845332,41775.82,UPI
ORD00813,2025-08-22,Headphones,Accessories,South,2,3500,0.034946897617467026,6755.37,UPI
ORD00814,2025-05-01,Phone,Electronics,East,7,30000,0.11026935740432106,186843.43,Card
ORD00815,2025-07-28,Headphones,Accessories,South,5,3500,0.10358844299859032,15687.2,Net Banking
ORD00816,2025-09-24,Monitor,Electronics,South,3,15000,0.13046910867221398,39128.89,UPI
ORD00817,2025-10-19,Laptop,Electronics,West,3,65000,0.06990908227563256,181367.73,Card
ORD00818,2025-03-09,Laptop,Electronics,East,6,65000,0.008010897344544299,386875.75,UPI
ORD00819,2025-11-26,Headphones,Accessories,East,6,3500,0.15359652663379644,17774.47,UPI
ORD00820,2025-03-02,Monitor,Electronics,North,4,15000,0.09342950072058784,54394.23,Cash
ORD00821,2025-01-08,Laptop,Electronics,West,3,65000,0.1628337496850116,163247.42,Card
ORD00822,2025-01-17,Headphones,Accessories,East,5,3500,0.027166742701067115,17024.58,Card
ORD00823,2025-03-15,Laptop,Electronics,West,5,65000,0.0034443388235125827,323880.59,Net Banking
ORD00824,2025-11-15,Headphones,Accessories,North,5,3500,0.06207356197132319,16413.71,UPI
ORD00825,2025-03-17,Headphones,Accessories,East,1,3500,0.11413683074851305,3100.52,UPI
ORD00826,2025-09-11,Laptop,Electronics,East,4,65000,0.09851799354211682,234385.32,Net Banking
ORD00827,2025-06-02,Headphones,Accessories,East,5,3500,0.2025756388183666,13954.93,Cash
ORD00828,2025-01-15,Monitor,Electronics,North,7,15000,0.09445941104820599,95081.76,UPI
ORD00829,2025-06-12,Monitor,Electronics,South,4,15000,0.13261029490076973,52043.38,Card
ORD00830,2025-01-11,Laptop,Electronics,South,3,65000,0.14837889811054805,166066.11,Cash
ORD00831,2025-06-23,Phone,Electronics,East,4,30000,0.005457847911452901,119345.06,Card
ORD00832,2025-07-23,Phone,Electronics,North,2,30000,0.12878334421154725,52273.0,Cash
ORD00833,2025-07-10,Tablet,Electronics,South,1,22000,0.08620781484970946,20103.43,Cash
ORD00834,2025-04-14,Laptop,Electronics,East,5,65000,0.10532003192081366,290770.99,Card
ORD00835,2025-10-07,Monitor,Electronics,North,7,15000,0.025071849623812564,102367.46,Net Banking
ORD00836,2025-08-06,Headphones,Accessories,West,6,3500,0.1957051414121613,16890.19,Card
ORD00837,2025-04-03,Monitor,Electronics,East,5,15000,0.23560106270213063,57329.92,Net Banking
ORD00838,2025-06-08,Laptop,Electronics,North,1,65000,0.0055672051574000014,64638.13,
ORD00839,2025-02-09,Laptop,Electronics,North,7,65000,0.15034319070283697,386593.85,Card
ORD00840,2025-12-04,Monitor,Electronics,West,4,15000,0.19096101682208952,48542.34,Cash
ORD00841,2025-10-02,Phone,Electronics,South,3,30000,0.07120189716247236,83591.83,Net Banking
ORD00842,2025-04-16,Headphones,Accessories,West,7,3500,0.1968888962158042,19676.22,UPI
ORD00843,2025-09-04,Monitor,Electronics,South,6,15000,0.15808876269157532,75772.01,Net Banking
ORD00844,2025-09-05,Laptop,Electronics,South,6,65000,0.2322906580677675,299406.64,UPI
ORD00845,2025-08-11,Laptop,Electronics,South,2,65000,0.2452512028384432,98117.34,Card
ORD00846,2025-01-20,Laptop,Electronics,East,7,65000,0.010586528499676201,450183.13,Card
ORD00847,2025-11-17,Laptop,Electronics,North,4,65000,0.11123444025675155,231079.05,Card
ORD00848,2025-12-15,Laptop,Electronics,South,4,65000,0.13674694689455455,224445.79,Net Banking
ORD00849,2025-12-22,Monitor,Electronics,South,6,15000,0.03668580830191312,86698.28,Cash
ORD00850,2025-12-24,Headphones,Accessories,North,5,3500,0.08407145760684043,16028.75,Net Banking
ORD00851,2025-12-06,Monitor,Electronics,South,2,15000,0.24691186193911543,22592.64,Card
ORD00852,2025-09-27,Monitor,Electronics,East,3,15000,0.004057614085617861,44817.41,Net Banking
ORD00853,2025-01-21,Monitor,Electronics,East,3,15000,0.11312698288109602,39909.29,Card
ORD00854,2025-06-19,Phone,Electronics,North,7,30000,0.21066365542954904,165760.63,Cash
ORD00855,2025-03-31,Phone,Electronics,West,6,30000,0.08097531567982211,165424.44,Cash
ORD00856,2025-03-22,Monitor,Electronics,West,3,15000,0.11994962568878834,39602.27,Cash
ORD00857,2025-10-31,Phone,Electronics,East,6,30000,0.244511436446995,135987.94,Cash
ORD00858,2025-10-24,Laptop,Electronics,West,6,65000,0.11871920911892597,343699.51,Card
ORD00859,2025-07-10,Headphones,Accessories,South,3,3500,0.03273032803662476,10156.33,Cash
ORD00860,2025-09-26,Monitor,Electronics,West,3,15000,0.012930372916597765,44418.13,Net Banking
ORD00861,2025-02-17,Monitor,Electronics,East,7,15000,0.23635414310998712,80182.81,Card
ORD00862,2025-03-23,Monitor,Electronics,East,4,15000,0.06645235331876642,56012.86,Cash
ORD00863,2025-11-11,Laptop,Electronics,North,2,65000,0.12601597664113773,113617.92,UPI
ORD00864,2025-06-14,Headphones,Accessories,East,6,3500,0.02267544152249215,20523.82,Card
ORD00865,2025-07-19,Monitor,Electronics,West,5,15000,0.10591378013765126,67056.47,Net Banking
ORD00866,2025-06-18,Headphones,Accessories,West,4,3500,0.23252637981253102,10744.63,Cash
ORD00867,2025-03-15,Monitor,Electronics,South,6,15000,0.1256032484077346,78695.71,UPI
ORD00868,2025-10-29,Monitor,Electronics,North,7,15000,0.24278378795058198,79507.7,Cash
ORD00869,2025-10-04,Tablet,Electronics,East,3,22000,0.06470890930934992,61729.21,Net Banking
ORD00870,2025-09-07,Laptop,Electronics,North,3,65000,0.1261363099259843,170403.42,UPI
ORD00871,2025-05-09,Tablet,Electronics,North,2,22000,0.2148826979523313,34545.16,UPI
ORD00872,2025-08-23,Phone,Electronics,East,5,30000,0.11206308863843595,133190.54,Card
ORD00873,2025-12-14,Laptop,Electronics,West,3,65000,0.0698718433925474,181374.99,Cash
ORD00874,2025-08-26,Laptop,Electronics,South,3,65000,0.21386884085447042,153295.58,Card
ORD00875,2025-06-30,Headphones,Accessories,South,5,3500,0.09747236721815225,15794.23,Net Banking
ORD00876,2025-04-09,Tablet,Electronics,South,3,22000,0.13268082276505852,57243.07,Net Banking
ORD00877,2025-07-10,Tablet,Electronics,South,4,22000,0.2441317666037864,66516.4,Cash
ORD00878,2025-05-16,Headphones,Accessories,North,4,3500,0.04662082368896597,13347.31,Card
ORD00879,2025-08-12,Tablet,Electronics,East,2,22000,0.07535015918004642,40684.59,UPI
ORD00880,2025-01-17,Headphones,Accessories,East,1,3500,0.0077674000174599855,3472.81,Net Banking
ORD00881,2025-03-11,Laptop,Electronics,South,6,65000,0.09795942747751318,351795.82,Net Banking
ORD00882,2025-10-15,Monitor,Electronics,South,1,15000,0.050045857646214886,14249.31,Card
ORD00883,2025-05-19,Tablet,Electronics,West,3,22000,0.17000873385197285,54779.42,Cash
ORD00884,2025-06-08,Laptop,Electronics,North,5,65000,0.04533036469146309,310267.63,Net Banking
ORD00885,2025-07-18,Monitor,Electronics,,1,15000,0.16870318810146742,12469.45,Cash
ORD00886,2025-06-09,Headphones,Accessories,North,5,3500,0.06586885704732942,16347.3,UPI
ORD00887,2025-10-04,Laptop,Electronics,West,6,65000,0.08880445853029995,355366.26,Cash
ORD00888,2025-03-31,Laptop,Electronics,South,5,65000,0.08721516301159937,296655.07,Net Banking
ORD00889,2025-10-04,Laptop,Electronics,North,3,65000,0.17918793754090234,160058.35,Net Banking
ORD00890,2025-03-18,Phone,Electronics,West,1,30000,0.11662731578458577,26501.18,
ORD00891,2025-05-16,Laptop,Electronics,North,7,65000,0.09032472471317077,413902.25,Cash
ORD00892,2025-08-03,Headphones,Accessories,South,3,3500,,8261.87,Card
ORD00893,2025-11-20,Tablet,Electronics,North,6,22000,0.14298765641030067,113125.63,Cash
ORD00894,2025-03-26,Monitor,Electronics,East,2,15000,0.05345770531949945,28396.27,UPI
ORD00895,2025-08-03,Headphones,Accessories,East,2,3500,0.22502281953592065,5424.84,Card
ORD00896,2025-01-24,Headphones,Accessories,West,6,3500,0.08566257400841015,19201.09,Card
ORD00897,2025-01-28,Tablet,Electronics,South,7,22000,0.009744844384330098,152499.29,Card
ORD00898,2025-10-08,Laptop,Electronics,South,7,65000,0.12365005599361323,398739.22,Card
ORD00899,2025-09-20,Laptop,Electronics,West,6,65000,0.03098451361021945,377916.04,UPI
ORD00900,2025-05-18,Headphones,Accessories,West,2,3500,0.05961661092893564,6582.68,Cash
ORD00901,2025-08-16,Laptop,Electronics,North,7,65000,0.18677771817185276,370016.14,Card
ORD00902,2025-05-19,Laptop,Electronics,East,5,65000,0.032687953344079645,314376.42,Net Banking
ORD00903,2025-04-12,Phone,Electronics,West,2,30000,0.20173605608850892,47895.84,UPI
ORD00904,2025-06-07,Monitor,Electronics,East,1,15000,0.23422682203273842,11486.6,Cash
ORD00905,2025-04-24,Tablet,Electronics,East,7,22000,0.15163302510198617,130648.51,UPI
ORD00906,2025-10-25,Headphones,Accessories,North,2,3500,0.17758979800570732,5756.87,Cash
ORD00907,2025-05-31,Tablet,Electronics,North,6,22000,0.17839665247685435,108451.64,Card
ORD00908,2025-04-28,Laptop,Electronics,North,1,65000,0.24820198931761123,48866.87,Card
ORD00909,2025-07-15,Phone,Electronics,North,2,30000,0.08538456555040572,54876.93,Cash
ORD00910,2025-10-04,Laptop,Electronics,West,2,65000,0.04071413781067562,124707.16,Net Banking
ORD00911,2025-04-10,Headphones,Accessories,East,2,3500,0.12979180872858037,6091.46,Card
ORD00912,2025-12-09,Laptop,Electronics,West,5,65000,0.13331245245792706,281673.45,
ORD00913,2025-06-19,Phone,Electronics,South,7,30000,0.04447812207403612,200659.59,UPI
ORD00914,2025-08-30,Monitor,Electronics,West,7,15000,0.15327735474853488,88905.88,Card
ORD00915,2025-12-16,Tablet,Electronics,North,6,22000,0.0035311833692059924,131533.88,Card
ORD00916,2025-06-07,Tablet,Electronics,West,2,22000,0.2319171006135554,33795.65,Net Banking
ORD00917,2025-03-14,Tablet,Electronics,North,7,22000,0.06614356945531541,143813.89,UPI
ORD00918,2025-09-30,Headphones,Accessories,North,4,3500,0.009890052097547952,13861.54,Card
ORD00919,2025-01-03,Phone,Electronics,North,4,30000,0.02706236036871426,116752.52,Card
ORD00920,2025-06-17,Headphones,Accessories,West,5,3500,0.06006223706991043,16448.91,Net Banking
ORD00921,2025-12-24,Monitor,Electronics,South,6,15000,0.0684765421515113,83837.11,Card
ORD00922,2025-06-01,Tablet,Electronics,South,7,22000,0.008202499874432168,152736.82,Net Banking
ORD00923,2025-09-07,Tablet,Electronics,South,5,22000,0.06983870304843229,102317.74,Cash
ORD00924,2025-07-11,Laptop,Electronics,West,5,65000,0.04823543412337053,309323.48,Cash
ORD00925,2025-03-20,Phone,Electronics,South,6,30000,0.09465523185862965,162962.06,Net Banking
ORD00926,2025-04-26,Monitor,Electronics,North,2,15000,0.0962919343389923,27111.24,UPI
ORD00927,2025-07-11,Tablet,Electronics,South,3,22000,0.08475193515071977,60406.37,Card
ORD00928,2025-02-08,Phone,Electronics,South,5,30000,0.081980970882676,137702.85,Cash
ORD00929,2025-06-01,Tablet,Electronics,East,1,22000,0.022432819435312806,21506.48,UPI
ORD00930,2025-06-01,Tablet,Electronics,West,3,22000,0.006301236781540542,65584.12,UPI
ORD00931,2025-11-01,Tablet,Electronics,North,6,22000,0.05052857503911665,125330.23,UPI
ORD00932,2025-02-15,Headphones,Accessories,West,7,3500,0.18916235685415383,19865.52,Net Banking
ORD00933,2025-11-04,Phone,Electronics,North,4,30000,0.24770244138778053,90275.71,Cash
ORD00934,2025-05-30,Headphones,Accessories,East,3,3500,0.23213154376433226,8062.62,Card
ORD00935,2025-08-26,Tablet,Electronics,South,4,22000,0.12605483888444216,76907.17,Cash
ORD00936,2025-07-23,Monitor,Electronics,South,5,15000,0.13295596394448356,65028.3,Cash
ORD00937,2025-04-20,Laptop,Electronics,South,4,65000,0.07864539225896064,239552.2,Net Banking
ORD00938,2025-12-06,Laptop,Electronics,South,1,65000,0.19348485965941406,52423.48,Net Banking
ORD00939,2025-03-23,Tablet,Electronics,West,4,22000,0.19118917198316215,71175.35,Net Banking
ORD00940,2025-01-14,Tablet,Electronics,West,3,22000,0.21106808939561114,52069.51,UPI
ORD00941,2025-10-01,Headphones,Accessories,West,5,3500,0.2238761442992211,13582.17,Net Banking
ORD00942,2025-08-15,Tablet,Electronics,South,7,22000,0.10858731205632394,137277.55,Card
ORD00943,2025-11-22,Monitor,Electronics,East,7,15000,0.1917188920267994,84869.52,Card
ORD00944,2025-06-17,Tablet,Electronics,South,5,22000,0.20159968219896965,87824.03,Cash
ORD00945,2025-01-07,Laptop,Electronics,West,3,65000,0.07711490562443754,179962.59,Cash
ORD00946,2025-01-08,Laptop,Electronics,East,4,65000,0.2323105610015375,199599.25,Card
ORD00947,2025-06-08,Monitor,Electronics,South,2,15000,0.023585375659913865,29292.44,Net Banking
ORD00948,2025-04-02,Laptop,Electronics,South,7,65000,0.2485672947908207,341901.88,UPI
ORD00949,2025-12-03,Monitor,Electronics,South,6,15000,0.19252267953971736,72672.96,UPI
ORD00950,2025-02-13,Phone,Electronics,East,6,30000,0.02331772633108181,175802.81,UPI
ORD00951,2025-11-18,Laptop,Electronics,East,3,65000,0.16405741202625015,163008.8,
ORD00952,2025-03-21,Phone,Electronics,South,3,30000,0.00854485273206504,89230.96,Card
ORD00953,2025-02-13,Headphones,Accessories,West,6,3500,0.19254673736104572,16956.52,Card
ORD00954,2025-04-11,Tablet,Electronics,West,4,22000,0.19980573041476382,70417.1,Cash
ORD00955,2025-02-22,Headphones,Accessories,South,5,3500,0.15060256327286192,14864.46,Card
ORD00956,2025-05-27,Headphones,Accessories,West,4,3500,0.21421509797914262,11000.99,Cash
ORD00957,2025-05-01,Tablet,Electronics,North,4,22000,0.024470820053714926,85846.57,UPI
ORD00958,2025-07-13,Headphones,Accessories,West,5,3500,0.0689809605102033,16292.83,UPI
ORD00959,2025-07-16,Monitor,Electronics,South,6,15000,0.10354438039816763,80681.01,Net Banking
ORD00960,2025-01-01,Tablet,Electronics,East,3,22000,0.01061448820702457,65299.44,Card
ORD00961,2025-02-15,Laptop,Electronics,South,6,65000,0.11205402189279154,346298.93,UPI
ORD00962,2025-03-01,Tablet,Electronics,South,2,22000,0.06630336402814149,41082.65,Card
ORD00963,2025-03-13,Monitor,Electronics,South,3,15000,0.09818375302543825,40581.73,Card
ORD00964,2025-02-04,Phone,Electronics,East,7,30000,0.10627565799807662,187682.11,Card
ORD00965,2025-04-25,Monitor,Electronics,North,7,15000,0.21985293337192127,81915.44,Card
ORD00966,2025-07-20,Tablet,Electronics,West,7,22000,0.06758524263190976,143591.87,Cash
ORD00967,2025-04-23,Headphones,Accessories,West,3,3500,0.223435782179068,8153.92,UPI
ORD00968,2025-05-01,Phone,Electronics,East,6,30000,0.10649274120321231,160831.31,Card
ORD00969,2025-06-21,Monitor,Electronics,East,7,15000,0.0819519301734965,96395.05,Card
ORD00970,2025-07-20,Laptop,Electronics,East,7,65000,0.1256280123337865,397839.25,Cash
ORD00971,2025-05-01,Phone,Electronics,North,1,30000,0.10443582159070991,26866.93,Net Banking
ORD00972,2025-03-22,Tablet,Electronics,East,6,22000,0.06434307826378652,123506.71,Net Banking
ORD00973,2025-05-30,Tablet,Electronics,North,7,22000,0.12566983119901673,134646.85,Card
ORD00974,2025-01-09,Tablet,Electronics,East,6,22000,0.03795043326970782,126990.54,Cash
ORD00975,2025-06-29,Laptop,Electronics,South,2,65000,0.08798248575574152,118562.28,UPI
ORD00976,2025-12-10,Phone,Electronics,East,6,30000,0.14144755484352264,154539.44,Cash
ORD00977,2025-05-26,Laptop,Electronics,West,1,65000,0.10335206109746464,58282.12,UPI
ORD00978,2025-02-09,Tablet,Electronics,North,4,22000,0.20597809026269912,69873.93,UPI
ORD00979,2025-09-16,Phone,Electronics,East,5,30000,0.06418044038379156,140372.93,Cash
ORD00980,2025-02-16,Tablet,Electronics,South,4,22000,0.24244289470775252,66665.03,UPI
ORD00981,2025-03-12,Tablet,Electronics,South,5,22000,0.19618050521283784,88420.14,Card
ORD00982,2025-02-23,Headphones,Accessories,East,2,3500,0.24189825649936805,5306.71,UPI
ORD00983,2025-11-19,Tablet,Electronics,West,5,22000,0.20953413870757603,86951.24,Cash
ORD00984,2025-12-25,Headphones,Accessories,North,5,3500,0.035525981462910666,16878.3,Net Banking
ORD00985,2025-07-27,Tablet,Electronics,West,5,22000,0.13161502265875344,95522.35,Cash
ORD00986,2025-08-14,Headphones,Accessories,West,3,3500,0.04249463029894643,10053.81,Net Banking
ORD00987,2025-08-24,Headphones,Accessories,East,3,3500,0.20455683815681433,8352.15,Card
ORD00988,2025-08-11,Phone,Electronics,East,2,30000,0.14604053729582397,51237.57,UPI
ORD00989,2025-07-18,Phone,Electronics,South,4,30000,0.06586232858922644,112096.52,UPI
ORD00990,2025-12-27,Headphones,Accessories,North,5,3500,0.23239974300179284,13433.0,UPI
ORD00991,2025-09-25,Phone,Electronics,East,3,30000,0.02879651332856517,87408.31,UPI
ORD00992,2025-02-02,Tablet,Electronics,West,3,22000,0.1409656008678285,56696.27,Card
ORD00993,2025-05-24,Laptop,Electronics,North,3,65000,0.18026013866668136,159849.27,UPI
ORD00994,2025-12-22,Tablet,Electronics,East,2,22000,0.014712134333107946,43352.67,Cash
ORD00995,2025-05-28,Tablet,Electronics,East,5,22000,0.1494640083015509,93558.96,UPI
ORD00996,2025-03-16,Headphones,Accessories,West,6,3500,0.20397530386577353,16716.52,Cash
ORD00997,2025-11-13,Tablet,Electronics,South,3,22000,0.016881828604513344,64885.8,Card
ORD00998,2025-08-16,Phone,Electronics,South,7,30000,0.12806074277665677,183107.24,Cash
ORD00999,2025-07-25,Monitor,Electronics,South,4,15000,0.064639294537185,56121.64,Cash
ORD01000,2025-06-03,Tablet,Electronics,,2,22000,0.1657311128842302,36707.83,Net Banking
ORD01001,2025-02-15,Monitor,Electronics,West,3,15000,0.029669341769711227,43664.88,Card
ORD01002,2025-05-21,Headphones,Accessories,South,1,3500,0.23426285766762672,2680.08,Card
ORD01003,2025-06-09,Tablet,Electronics,West,1,22000,0.22368214542868295,17078.99,Cash
ORD01004,2025-12-06,Monitor,Electronics,East,3,15000,0.04649360496892729,42907.79,Cash
ORD01005,2025-04-23,Laptop,Electronics,South,4,65000,0.08081647109127615,238987.72,Card
ORD01006,2025-02-24,Monitor,Electronics,North,6,15000,0.14690874366326076,76778.21,Cash
ORD01007,2025-06-06,Monitor,Electronics,East,1,15000,0.1795155841585626,12307.27,Card
ORD01008,2025-12-30,Tablet,Electronics,East,6,22000,0.11066400379006455,117392.35,Card
ORD01009,2025-06-26,Headphones,Accessories,West,2,3500,0.039072830490243765,6726.49,Card
ORD01010,2025-05-19,Tablet,Electronics,East,1,22000,0.026037873450717897,21427.17,Net Banking
ORD01011,2025-09-01,Phone,Electronics,North,5,30000,0.24994133422858597,112508.8,Cash
ORD01012,2025-08-25,Headphones,Accessories,East,6,3500,0.11383803036087181,18609.4,UPI
ORD01013,2025-04-20,Phone,Electronics,East,5,30000,0.21813293728712455,117280.06,Net Banking
ORD01014,2025-12-20,Phone,Electronics,South,1,30000,0.12059400115727861,26382.18,Cash
ORD01015,2025-08-05,Tablet,Electronics,South,1,22000,0.23058940963650082,16927.03,UPI
ORD01016,2025-01-22,Monitor,Electronics,West,3,15000,0.02193984569288765,44012.71,Cash
ORD01017,2025-05-29,Phone,Electronics,East,4,30000,0.02850479783363774,116579.42,Cash
ORD01018,2025-12-03,Tablet,Electronics,East,7,22000,0.23240804693105607,118209.16,Net Banking
ORD01019,2025-05-24,Laptop,Electronics,South,3,65000,0.23687326126119623,148809.71,Card
ORD01020,2025-07-27,Laptop,Electronics,South,2,65000,0.07867936186634084,119771.68,Cash
ORD01021,2025-08-12,Laptop,Electronics,East,7,65000,0.08879122174846796,414599.99,Card
ORD01022,2025-09-15,Laptop,Electronics,West,2,65000,0.1131125587086895,115295.37,Card
ORD01023,2025-11-15,Monitor,Electronics,East,1,15000,0.1040404200168227,13439.39,Cash
ORD01024,2025-02-24,Monitor,Electronics,East,3,15000,0.04751130398989917,42861.99,Net Banking
ORD01025,2025-07-08,Monitor,Electronics,North,3,15000,0.22459384598484364,34893.28,Net Banking
ORD01026,2025-07-14,Laptop,Electronics,West,5,65000,0.06332690017641093,304418.76,Net Banking
ORD01027,2025-02-25,Laptop,Electronics,North,7,65000,0.1763181023694129,374775.26,Cash
ORD01028,2025-09-03,Phone,Electronics,West,7,30000,0.01678891943374322,206474.33,Cash
ORD01029,2025-02-13,Tablet,Electronics,South,3,22000,0.009687832882107367,65360.6,Card
ORD01030,2025-06-16,Phone,Electronics,West,7,30000,0.16343261814423016,175679.15,Net Banking
ORD01031,2025-05-01,Tablet,Electronics,West,5,22000,0.08475396439331509,100677.06,Card
ORD01032,2025-02-26,Laptop,Electronics,West,1,65000,0.16386484818000033,54348.78,Card
ORD01033,2025-10-28,Headphones,Accessories,West,7,3500,0.02350530054220759,23924.12,Net Banking
ORD01034,2025-03-31,Phone,Electronics,East,1,30000,0.23746284497896583,22876.11,Cash
ORD01035,2025-04-04,Laptop,Electronics,West,5,65000,0.18712861672327386,264183.2,Card
ORD01036,2025-11-08,Headphones,Accessories,North,6,3500,0.2190668082564498,16399.6,Net Banking
ORD01037,2025-11-17,Monitor,Electronics,North,2,15000,0.03411763851112773,28976.47,Net Banking
ORD01038,2025-01-13,Laptop,Electronics,East,2,65000,0.08004024222321734,119594.77,Card
ORD01039,2025-04-12,Tablet,Electronics,West,4,22000,0.09208604105158602,79896.43,Cash
ORD01040,2025-09-16,Monitor,Electronics,West,7,15000,0.13429316208170464,90899.22,Card
ORD01041,2025-10-12,Headphones,Accessories,East,2,3500,0.07421712137685357,6480.48,Cash
ORD01042,2025-12-31,Monitor,Electronics,East,5,15000,0.01515768554735128,73863.17,Net Banking
ORD01043,2025-07-22,Tablet,Electronics,East,4,22000,0.09221959518436768,79884.68,Cash
ORD01044,2025-01-03,Phone,Electronics,West,1,30000,0.06363732865682054,28090.88,Net Banking
ORD01045,2025-11-15,Headphones,Accessories,West,5,3500,0.09648032286580371,15811.59,Cash
ORD01046,2025-02-28,Laptop,Electronics,North,6,65000,0.04923988565500656,370796.44,Net Banking
ORD01047,2025-02-14,Phone,Electronics,East,5,30000,0.06547409364118387,140178.89,Card
ORD01048,2025-09-04,Headphones,Accessories,South,2,3500,0.1567380851080672,5902.83,Card
ORD01049,2025-08-09,Headphones,Accessories,West,2,3500,0.09703845864451627,6320.73,Card
ORD01050,2025-01-22,Laptop,Electronics,East,3,65000,0.08634584829237302,178162.56,Net Banking
ORD01051,2025-03-03,Tablet,Electronics,West,4,22000,0.13347640818059323,76254.08,Cash
ORD01052,2025-08-04,Phone,Electronics,South,4,30000,0.19296513521098144,96844.18,UPI
ORD01053,2025-04-04,Tablet,Electronics,East,2,22000,0.0947169890869893,39832.45,UPI
ORD01054,2025-09-07,Monitor,Electronics,North,4,15000,0.14687987313896014,51187.21,Cash
ORD01055,2025-05-31,Laptop,Electronics,West,3,65000,0.24155065634204406,147897.62,Net Banking
ORD01056,2025-08-03,Monitor,Electronics,North,5,15000,0.13049502852951267,65212.87,Card
ORD01057,2025-06-23,Tablet,Electronics,South,6,22000,0.2274493941293861,101976.68,Cash
ORD01058,2025-05-14,Headphones,Accessories,West,5,3500,0.19841815606410673,14027.68,Net Banking
ORD01059,2025-05-05,Tablet,Electronics,West,1,22000,0.014679670412537427,21677.05,Cash
ORD01060,2025-09-12,Phone,Electronics,South,7,30000,0.10727471786731421,187472.31,Net Banking
ORD01061,2025-07-07,Headphones,Accessories,South,1,3500,0.17457960196714703,2888.97,Cash
ORD01062,2025-08-05,Headphones,Accessories,North,7,3500,0.24667797811204997,18456.39,Cash
ORD01063,2025-07-30,Laptop,Electronics,West,1,65000,0.11459407279037814,57551.39,Net Banking
ORD01064,2025-03-17,Headphones,Accessories,North,4,3500,0.02319636353168486,13675.25,Cash
ORD01065,2025-11-30,Headphones,Accessories,North,1,3500,0.14050229367821696,3008.24,UPI
ORD01066,2025-07-25,Phone,Electronics,South,1,30000,0.031640948030990074,29050.77,Card
ORD01067,2025-09-20,Monitor,Electronics,North,5,15000,0.18787989006984834,60909.01,UPI
ORD01068,2025-11-18,Headphones,Accessories,North,6,3500,0.12691924936544446,18334.7,Cash
ORD01069,2025-12-04,Phone,Electronics,East,1,30000,0.18085784209432162,24574.26,UPI
ORD01070,2025-09-01,Laptop,Electronics,East,7,65000,0.21734045671963093,356110.09,Cash
ORD01071,2025-10-15,Headphones,Accessories,South,3,3500,0.1572370042906943,8849.01,Card
ORD01072,2025-06-22,Phone,Electronics,West,3,30000,0.1531098323132954,76220.12,UPI
ORD01073,2025-09-27,Headphones,Accessories,East,3,3500,0.18864257385990782,8519.25,UPI
ORD01074,2025-04-28,Tablet,Electronics,North,4,22000,0.21061375036316685,69465.99,Cash
ORD01075,2025-09-17,Tablet,Electronics,East,2,22000,0.21726344656925067,34440.41,UPI
ORD01076,2025-02-01,Laptop,Electronics,East,3,65000,0.009107548920720826,193224.03,Net Banking
ORD01077,2025-11-30,Headphones,Accessories,West,2,3500,0.13904757419944733,6026.67,Net Banking
ORD01078,2025-03-31,Laptop,Electronics,North,1,65000,0.05406732744938786,61485.62,Cash
ORD01079,2025-08-28,Tablet,Electronics,North,3,22000,0.21508647269544584,51804.29,UPI
ORD01080,2025-01-05,Monitor,Electronics,South,5,15000,0.1620994213008403,62842.54,Net Banking
ORD01081,2025-02-26,Monitor,Electronics,South,6,15000,0.10505561975810954,80544.99,Cash
ORD01082,2025-12-27,Monitor,Electronics,West,3,15000,0.047026057030337826,42883.83,Card
ORD01083,2025-11-01,Monitor,Electronics,East,3,15000,0.08475590647995662,41185.98,UPI
ORD01084,2025-03-23,Tablet,Electronics,East,6,22000,0.17594442363505614,108775.34,Cash
ORD01085,2025-02-17,Phone,Electronics,East,5,30000,0.0510898863029097,142336.52,Net Banking
ORD01086,2025-10-25,Monitor,Electronics,,6,15000,0.023395736334593187,87894.38,UPI
ORD01087,2025-12-28,Monitor,Electronics,South,7,15000,0.22200718955688775,81689.25,UPI
ORD01088,2025-03-03,Monitor,Electronics,North,6,15000,0.1910525873950292,72805.27,Card
ORD01089,2025-08-31,Headphones,Accessories,North,7,3500,0.049948732664533146,23276.26,Cash
ORD01090,2025-04-14,Laptop,Electronics,South,3,65000,0.07307788585749792,180749.81,Card
ORD01091,2025-09-29,Tablet,Electronics,East,3,22000,0.24301754428272143,49960.84,Card
ORD01092,2025-06-02,Tablet,Electronics,South,3,22000,0.17704612168977935,54314.96,Card
ORD01093,2025-02-15,Monitor,Electronics,South,2,15000,0.15263050105345619,25421.08,UPI
ORD01094,2025-04-29,Phone,Electronics,South,6,30000,0.07690712135603259,166156.72,UPI
ORD01095,2025-07-16,Phone,Electronics,West,6,30000,0.07478128604163056,166539.37,UPI
ORD01096,2025-10-19,Laptop,Electronics,West,6,65000,0.009880904672557617,386146.45,Cash
ORD01097,2025-01-08,Monitor,Electronics,North,2,15000,0.18212046672548285,24536.39,Net Banking
ORD01098,2025-12-16,Headphones,Accessories,North,4,3500,0.010793806264221134,13848.89,Card
ORD01099,2025-08-26,Laptop,Electronics,North,2,65000,0.001214334444319759,129842.14,UPI
ORD01100,2025-11-16,Tablet,Electronics,West,7,22000,0.1823737719652448,125914.44,Card
ORD01101,2025-12-06,Tablet,Electronics,South,2,22000,0.23721843928728134,33562.39,Net Banking
ORD01102,2025-02-26,Tablet,Electronics,West,2,22000,0.18912576193182762,35678.47,UPI
ORD01103,2025-02-04,Monitor,Electronics,East,4,15000,0.11791004765609467,52925.4,Card
ORD01104,2025-10-11,Laptop,Electronics,East,7,65000,0.12151131239021826,399712.35,Cash
ORD01105,2025-03-10,Phone,Electronics,South,7,30000,0.10903410566227634,187102.84,Card
ORD01106,2025-02-24,Laptop,Electronics,South,1,65000,0.08116091677758341,59724.54,Card
ORD01107,2025-06-21,Phone,Electronics,North,3,30000,0.13042855354646005,78261.43,Card
ORD01108,2025-11-30,Monitor,Electronics,East,2,15000,0.10778773928527877,26766.37,Card
ORD01109,2025-10-18,Monitor,Electronics,South,3,15000,0.14954197001019368,38270.61,Cash
ORD01110,2025-07-09,Laptop,Electronics,South,4,65000,0.22453002012527362,201622.19,Cash
ORD01111,2025-03-13,Headphones,Accessories,North,2,3500,0.24875235433095258,5258.73,UPI
ORD01112,2025-05-03,Phone,Electronics,West,1,30000,0.01968582247072928,29409.43,UPI
ORD01113,2025-09-09,Laptop,Electronics,West,4,65000,0.09617086816533535,234995.57,Card
ORD01114,2025-02-27,Phone,Electronics,South,1,30000,0.045176548941702366,28644.7,Net Banking
ORD01115,2025-07-11,Laptop,Electronics,East,2,65000,0.08803011848138342,118556.08,UPI
ORD01116,2025-01-05,Tablet,Electronics,West,1,22000,0.07186825463710575,20418.9,UPI
ORD01117,2025-04-29,Monitor,Electronics,East,1,15000,0.043634282906697075,14345.49,Cash
ORD01118,2025-04-01,Tablet,Electronics,East,4,22000,0.19101901335532262,71190.33,Card
ORD01119,2025-09-06,Headphones,Accessories,South,6,3500,0.12407218570730896,18394.48,UPI
ORD01120,2025-11-30,Tablet,Electronics,East,6,22000,0.22981139555430644,101664.9,UPI
ORD01121,2025-02-23,Laptop,Electronics,East,1,65000,0.008148110811753623,64470.37,Cash
ORD01122,2025-10-19,Laptop,Electronics,East,1,65000,0.01674450328299748,63911.61,Cash
ORD01123,2025-08-28,Phone,Electronics,East,3,30000,0.10081839573258602,80926.34,Cash
ORD01124,2025-12-20,Phone,Electronics,East,5,30000,0.02006933010100928,146989.6,Card
ORD01125,2025-11-29,Monitor,Electronics,North,6,15000,0.06568239910370838,84088.58,Cash
ORD01126,2025-02-06,Monitor,Electronics,West,6,15000,0.2465074357691559,67814.33,Net Banking
ORD01127,2025-09-29,Monitor,Electronics,West,3,15000,0.052239901871153516,42649.2,Card
ORD01128,2025-08-05,Headphones,Accessories,North,2,3500,0.04952943535302268,6653.29,Card
ORD01129,2025-02-11,Tablet,Electronics,South,1,22000,0.14341016719892727,18844.98,UPI
ORD01130,2025-04-04,Headphones,Accessories,West,2,3500,0.12449957269828918,6128.5,Cash
ORD01131,2025-12-05,Tablet,Electronics,South,1,22000,0.1451095743007112,18807.59,UPI
ORD01132,2025-07-18,Headphones,Accessories,West,7,3500,0.09418381955213667,22192.5,UPI
ORD01133,2025-05-04,Headphones,Accessories,West,2,3500,0.20669058997373677,5553.17,Cash
ORD01134,2025-04-27,Headphones,Accessories,West,6,3500,0.03464513786061571,20272.45,UPI
ORD01135,2025-11-02,Headphones,Accessories,North,4,3500,0.10709816146036641,12500.63,Net Banking
ORD01136,2025-04-14,Laptop,Electronics,South,4,65000,0.17244046211102176,215165.48,Card
ORD01137,2025-02-27,Headphones,Accessories,East,4,3500,0.21705911007072493,10961.17,Card
ORD01138,2025-07-29,Phone,Electronics,West,6,30000,0.09239290158918942,163369.28,Cash
ORD01139,2025-12-29,Headphones,Accessories,North,1,3500,0.1419363997734382,3003.22,Cash
ORD01140,2025-03-08,Tablet,Electronics,South,1,22000,0.017284986251815376,21619.73,Card
ORD01141,2025-04-04,Monitor,Electronics,North,3,15000,0.042579772027957236,43083.91,Net Banking
ORD01142,2025-06-21,Phone,Electronics,West,3,30000,0.01728454061652862,88444.39,Net Banking
ORD01143,2025-03-14,Monitor,Electronics,West,4,15000,0.18197022299963048,49081.79,UPI
ORD01144,2025-08-26,Monitor,Electronics,North,6,15000,0.07201499218053517,83518.65,Cash
ORD01145,2025-04-03,Phone,Electronics,North,5,30000,0.18093632254795944,122859.55,Card
ORD01146,2025-02-16,Tablet,Electronics,South,2,22000,0.01659956976081864,43269.62,Net Banking
ORD01147,2025-04-06,Tablet,Electronics,West,3,22000,0.21563695010208137,51767.96,Card
ORD01148,2025-12-06,Headphones,Accessories,South,6,3500,0.2088825495277729,16613.47,Card
ORD01149,2025-12-08,Headphones,Accessories,South,2,3500,0.02223218576257066,6844.37,Cash
ORD01150,2025-07-04,Monitor,Electronics,South,4,15000,0.00593912661429663,59643.65,Net Banking
ORD01151,2025-05-27,Phone,Electronics,East,4,30000,0.014072203245497794,118311.34,UPI
ORD01152,2025-10-27,Tablet,Electronics,South,6,22000,0.2134075432866835,103830.2,Cash
ORD01153,2025-03-12,Tablet,Electronics,North,6,22000,0.05867587226297394,124254.78,Card
ORD01154,2025-08-27,Monitor,Electronics,West,4,15000,0.13706832946454717,51775.9,Cash
ORD01155,2025-09-06,Phone,Electronics,South,3,30000,0.10656105079501418,80409.51,Cash
ORD01156,2025-09-17,Tablet,Electronics,South,3,22000,0.19888138155715052,52873.83,Net Banking
ORD01157,2025-03-21,Laptop,Electronics,East,3,65000,0.12222457536766765,171166.21,Net Banking
ORD01158,2025-09-19,Monitor,Electronics,East,2,15000,0.12516521016531743,26245.04,Cash
ORD01159,2025-08-12,Phone,Electronics,North,5,30000,0.2472729848749756,112909.05,Cash
ORD01160,2025-11-16,Phone,Electronics,North,2,30000,0.037532389187314275,57748.06,Net Banking
ORD01161,2025-03-05,Tablet,Electronics,North,5,22000,0.20767598468648285,87155.64,UPI
ORD01162,2025-08-12,Tablet,Electronics,West,6,22000,0.012937436400971197,130292.26,Cash
ORD01163,2025-10-30,Monitor,Electronics,East,7,15000,0.11941219239324269,92461.72,Net Banking
ORD01164,2025-04-12,Tablet,Electronics,West,1,22000,0.22158370598325589,17125.16,UPI
ORD01165,2025-09-29,Tablet,Electronics,East,6,22000,0.16630349140103032,110047.94,Net Banking
ORD01166,2025-02-06,Laptop,Electronics,South,1,65000,0.17130365484153323,53865.26,Cash
ORD01167,2025-09-20,Laptop,Electronics,East,3,65000,0.06582932056412139,182163.28,Card
ORD01168,2025-08-10,Phone,Electronics,East,2,30000,0.10464369784036356,53721.38,Card
ORD01169,2025-03-12,Monitor,Electronics,South,2,15000,0.09164526587476263,27250.64,Card
ORD01170,2025-01-25,Monitor,Electronics,West,2,15000,0.13036080253949855,26089.18,Net Banking
ORD01171,2025-09-30,Headphones,Accessories,West,1,3500,0.11555698253591704,3095.55,Net Banking
ORD01172,2025-03-30,Headphones,Accessories,West,6,3500,0.08172458796924734,19283.78,Net Banking
ORD01173,2025-07-01,Phone,Electronics,West,1,30000,0.07637015309279252,27708.9,Cash
ORD01174,2025-01-23,Laptop,Electronics,South,3,65000,0.06271322291378054,182770.92,UPI
ORD01175,2025-12-18,Laptop,Electronics,North,5,65000,0.0912618117211896,295339.91,Net Banking
ORD01176,2025-07-20,Phone,Electronics,South,7,30000,0.03748536948351516,202128.07,UPI
ORD01177,2025-12-07,Phone,Electronics,East,6,30000,0.21802607550089345,140755.31,UPI
ORD01178,2025-02-28,Laptop,Electronics,West,1,65000,0.15052984795835683,55215.56,UPI
ORD01179,2025-03-17,Phone,Electronics,South,7,30000,0.03344660639846386,202976.21,Net Banking
ORD01180,2025-08-11,Laptop,Electronics,South,5,65000,0.17346483355225034,268623.93,Card
ORD01181,2025-08-09,Headphones,Accessories,South,2,3500,0.2119166169994933,5516.58,UPI
ORD01182,2025-10-16,Monitor,Electronics,West,4,15000,0.059383918013064724,56436.96,UPI
ORD01183,2025-12-05,Headphones,Accessories,North,7,3500,0.03765014858431598,23577.57,Card
ORD01184,2025-10-27,Tablet,Electronics,South,3,22000,0.0021543142834380136,65857.82,Cash
ORD01185,2025-02-21,Tablet,Electronics,North,2,22000,0.011812584714121277,43480.25,Net Banking
ORD01186,2025-04-23,Phone,Electronics,West,7,30000,0.1905628370758779,169981.8,Cash
ORD01187,2025-11-30,Laptop,Electronics,South,7,65000,0.24679658301042345,342707.55,Cash
ORD01188,2025-07-20,Tablet,Electronics,North,7,22000,0.01122008061906915,152272.11,Net Banking
ORD01189,2025-11-13,Tablet,Electronics,South,7,22000,0.18701773976997316,125199.27,Net Banking
ORD01190,2025-07-25,Laptop,Electronics,North,7,65000,0.017965541460240014,446825.68,Card
ORD01191,2025-01-19,Tablet,Electronics,South,4,22000,0.1480332062259167,74973.08,Net Banking
ORD01192,2025-06-22,Phone,Electronics,West,2,30000,0.18901882060705946,48658.87,Cash
ORD01193,2025-10-29,Laptop,Electronics,East,5,65000,0.08980109931693442,295814.64,Net Banking
ORD01194,2025-08-28,Headphones,Accessories,West,2,3500,0.002733680277665934,6980.86,UPI
ORD01195,2025-02-18,Tablet,Electronics,East,4,22000,0.14879733803135647,74905.83,
ORD01196,2025-03-18,Headphones,Accessories,West,5,3500,0.24781115703500695,13163.3,Net Banking
ORD01197,2025-11-08,Headphones,Accessories,South,7,3500,0.06440435570962394,22922.09,Cash
ORD01198,2025-12-24,Monitor,Electronics,West,3,15000,0.04737281929680395,42868.22,UPI
ORD01199,2025-10-02,Monitor,Electronics,North,2,15000,0.03098147318837874,29070.56,Net Banking
ORD01200,2025-02-05,Headphones,Accessories,South,6,3500,0.13881390497501403,18084.91,UPI
ORD01179,2025-03-17,Phone,Electronics,South,7,30000,0.03344660639846386,202976.21,Net Banking
ORD00866,2025-06-18,Headphones,Accessories,West,4,3500,0.23252637981253102,10744.63,Cash
ORD00102,2025-08-28,Laptop,Electronics,West,3,65000,0.14066810264371432,167569.72,Card
ORD00440,2025-11-26,Phone,Electronics,South,2,30000,0.18245381157571666,49052.77,Net Banking
ORD00059,2025-04-06,Headphones,Accessories,East,4,3500,0.13151513172150522,12158.79,UPI
ORD01121,2025-02-23,Laptop,Electronics,East,1,65000,0.008148110811753623,64470.37,Cash
ORD00324,2025-09-05,Monitor,Electronics,West,2,15000,0.19013650568246673,24295.9,Card
ORD00975,2025-06-29,Laptop,Electronics,South,2,65000,0.08798248575574152,118562.28,UPI
ORD00412,2025-02-22,Phone,Electronics,South,2,30000,0.19394777160927262,48363.13,UPI
ORD00856,2025-03-22,Monitor,Electronics,West,3,15000,0.11994962568878834,39602.27,Cash
ORD00821,2025-01-08,Laptop,Electronics,West,50,65000,0.1628337496850116,163247.42,Card
ORD00045,2025-10-02,Laptop,Electronics,East,60,65000,0.08934240587551354,414349.21,Cash
ORD00050,2025-11-25,Headphones,Accessories,South,45,3500,0.23241665522988877,18805.79,Cash
ORD00850,2025-12-24,Headphones,Accessories,North,55,3500,0.08407145760684043,16028.75,Net Banking
ORD00241,2025-05-09,Laptop,Electronics,East,70,65000,0.05909010884588614,366954.86,UPI
